,ipAddress,continentCode,continentName,countryCode,countryName,stateProv,city,stateProvCode
0,5.56.59.17,EU,Europe,ES,Spain,Madrid,Alcobendas,
1,50.62.112.1,NA,North America,US,United States,Arizona,Scottsdale (North Scottsdale),AZ
2,5.9.122.216,EU,Europe,DE,Germany,Bavaria,Falkenstein,
3,192.124.249.63,NA,North America,US,United States,California,Menifee,CA
4,64.202.187.235,NA,North America,US,United States,Arizona,Scottsdale (North Scottsdale),AZ
5,167.114.27.228,SA,South America,PE,Peru,Arequipa,Arequipa,
6,13.224.131.73,EU,Europe,GB,United Kingdom,England,London,
7,78.142.208.193,AS,Asia,TR,Turkey,İzmir,Bornova,
8,217.70.186.102,EU,Europe,LU,Luxembourg,Luxembourg,Luxembourg,
9,103.231.192.136,AS,Asia,JP,Japan,Tokyo,Shinjuku,
10,69.172.201.153,NA,North America,US,United States,California,Los Angeles (Central LA),CA
11,157.230.249.122,AS,Asia,SG,Singapore,,Singapore (Pioneer),
12,160.153.131.203,EU,Europe,NL,Netherlands,North Holland,Amsterdam,
13,104.27.163.171,NA,North America,US,United States,Illinois,Chicago,IL
14,212.95.103.44,EU,Europe,DE,Germany,North Rhine-Westphalia,Rheine (Mesum),
15,156.229.169.33,NA,North America,US,United States,California,San Jose,CA
16,104.27.178.100,NA,North America,US,United States,Illinois,Chicago,IL
17,98.129.229.203,NA,North America,US,United States,Michigan,Lansing,MI
18,192.211.53.155,NA,North America,US,United States,Wyoming,Cheyenne,WY
19,194.59.164.59,AS,Asia,SG,Singapore,,Singapore,
20,50.63.202.45,NA,North America,US,United States,Arizona,Scottsdale (North Scottsdale),AZ
21,176.53.35.62,AS,Asia,TR,Turkey,Istanbul,Istanbul,
22,104.24.111.229,NA,North America,US,United States,Illinois,Chicago,IL
23,152.92.1.225,SA,South America,BR,Brazil,Rio de Janeiro,Maracanã,
24,192.64.119.151,NA,North America,US,United States,New Jersey,Newark,NJ
25,173.82.21.19,NA,North America,US,United States,California,Santa Clarita,CA
26,104.26.9.163,NA,North America,US,United States,Illinois,Chicago,IL
27,209.17.116.160,NA,North America,US,United States,Virginia,Ashburn,VA
28,185.31.40.183,EU,Europe,FR,France,Île-de-France,Paris,
29,158.199.206.39,AS,Asia,JP,Japan,Tokyo,Chiyoda,
30,92.53.96.128,EU,Europe,RU,Russia,St.-Petersburg,St Petersburg,
31,54.71.182.32,NA,North America,US,United States,Oregon,Portland,OR
32,195.20.49.111,EU,Europe,NL,Netherlands,North Holland,Amsterdam (Centrum),
33,107.6.158.222,NA,North America,US,United States,Illinois,Chicago (Loop),IL
34,208.113.174.223,NA,North America,US,United States,California,Brea,CA
35,185.62.75.250,EU,Europe,HR,Croatia,Zagrebačka,Čabdin,
36,66.113.109.59,NA,North America,US,United States,Washington,Enumclaw,WA
37,150.60.232.102,AS,Asia,JP,Japan,Tokyo,Chiyoda,
38,13.54.162.87,OC,Oceania,AU,Australia,New South Wales,Sydney,NSW
39,208.76.80.109,NA,North America,US,United States,Michigan,Oxford,MI
40,82.99.218.195,AS,Asia,IR,Iran,Tehrān,Tehran (Shahrak-e Shahīd Fakūrī),
41,188.134.71.31,EU,Europe,RU,Russia,St.-Petersburg,St Petersburg,
42,162.241.216.197,NA,North America,US,United States,Utah,Provo (East Bay),UT
43,54.208.77.124,NA,North America,US,United States,Virginia,Ashburn,VA
44,195.60.252.130,EU,Europe,FI,Finland,Newland,Helsinki,
45,195.162.24.124,EU,Europe,PL,Poland,Łódź Voivodeship,Łódź (Górna),
46,27.254.41.197,AS,Asia,TH,Thailand,Bangkok,Huai Khwang (Khwaeng Huai Khwang),
47,104.28.19.204,NA,North America,US,United States,Illinois,Chicago,IL
48,66.96.147.205,NA,North America,US,United States,Massachusetts,Burlington,MA
49,23.235.192.117,NA,North America,US,United States,Virginia,Virginia Beach,VA
50,75.119.206.58,NA,North America,US,United States,California,Brea,CA
51,37.187.138.24,EU,Europe,FR,France,Hauts-de-France,Gravelines,
52,89.47.53.12,EU,Europe,RO,Romania,Covasna,Sfântu Gheorghe,
53,185.5.53.36,EU,Europe,LT,Lithuania,Vilnius,Vilnius,
54,103.38.43.115,AS,Asia,CN,China,Beijing,Beijing,
55,192.185.149.58,NA,North America,US,United States,Massachusetts,Burlington,MA
56,202.92.7.106,AS,Asia,VN,Vietnam,Hanoi,Hanoi,
57,39.107.14.121,AS,Asia,CN,China,Zhejiang,Hangzhou,
58,103.21.59.198,AS,Asia,IN,India,Maharashtra,Mumbai,
59,92.53.96.150,EU,Europe,RU,Russia,St.-Petersburg,St Petersburg,
60,188.165.231.45,EU,Europe,FR,France,Hauts-de-France,Roubaix,
61,144.91.77.119,EU,Europe,DE,Germany,Bavaria,Munich (Ramersdorf-Perlach),
62,188.213.22.38,NA,North America,GL,Greenland,Sermersooq,Nuuk,
63,78.46.101.230,EU,Europe,DE,Germany,Bavaria,Nuremberg,
64,47.75.136.12,AS,Asia,HK,Hong Kong,Tsuen Wan,Tsuen Wan,
65,50.63.202.43,NA,North America,US,United States,Arizona,Scottsdale (North Scottsdale),AZ
66,107.180.21.54,NA,North America,US,United States,Arizona,Scottsdale (North Scottsdale),AZ
67,209.58.167.181,AS,Asia,SG,Singapore,,Singapore (Outram),
68,104.27.141.125,NA,North America,US,United States,Illinois,Chicago,IL
69,199.48.208.206,NA,North America,US,United States,Nevada,Las Vegas,NV
70,217.182.173.160,EU,Europe,FR,France,Hauts-de-France,Roubaix,
71,190.2.249.90,SA,South America,AR,Argentina,Buenos Aires,González Catán,
72,35.197.160.30,NA,North America,US,United States,Virginia,Ashburn,VA
73,132.148.215.203,NA,North America,US,United States,Arizona,Scottsdale (North Scottsdale),AZ
74,129.232.224.89,AF,Africa,ZA,South Africa,Western Cape,Cape Town (Rosenpark),
75,108.60.15.2,NA,North America,CA,Canada,British Columbia,Burnaby,BC
76,213.186.33.17,EU,Europe,FR,France,Île-de-France,Bures-sur-Yvette,
77,192.124.249.53,NA,North America,US,United States,California,Menifee,CA
78,211.43.203.18,AS,Asia,KR,South Korea,Seoul,Seoul (Samseong 1(il)-dong),
79,177.12.163.104,SA,South America,BR,Brazil,Rio Grande do Sul,Porto Alegre,
80,81.169.145.73,EU,Europe,DE,Germany,Berlin,Berlin (Charlottenburg-Wilmersdorf),
81,92.53.114.85,EU,Europe,RU,Russia,St.-Petersburg,St Petersburg,
82,104.27.183.153,NA,North America,US,United States,Illinois,Chicago,IL
83,213.184.28.37,EU,Europe,PL,Poland,Warmia-Masuria,Olsztyn,
84,183.3.210.18,AS,Asia,CN,China,Guangdong,Guangzhou,
85,192.185.171.168,NA,North America,US,United States,Massachusetts,Burlington,MA
86,184.106.55.68,NA,North America,US,United States,Michigan,Lansing,MI
87,104.236.245.14,NA,North America,US,United States,New Jersey,Clifton,NJ
88,198.57.199.56,NA,North America,US,United States,Utah,Provo (East Bay),UT
89,31.11.32.134,EU,Europe,IT,Italy,Tuscany,Arezzo,
90,217.160.0.10,EU,Europe,DE,Germany,Mecklenburg-Vorpommern,Neubrandenburg,
91,50.97.186.163,NA,North America,US,United States,Illinois,Chicago,IL
92,94.130.84.18,EU,Europe,DE,Germany,Bavaria,Nuremberg,
93,159.203.141.126,NA,North America,US,United States,New Jersey,Clifton,NJ
94,141.138.168.149,EU,Europe,NL,Netherlands,Overijssel,Enschede (Bedrijfsterreinen Enschede-West),
95,218.149.84.49,AS,Asia,KR,South Korea,Gyeonggi-do,Seongnam-si (Bundang-gu),
96,162.241.225.150,NA,North America,US,United States,Utah,Provo (East Bay),UT
97,159.89.168.144,AS,Asia,IN,India,Karnataka,Bengaluru,
98,162.241.24.68,NA,North America,US,United States,Utah,Provo (East Bay),UT
99,166.88.76.230,NA,North America,US,United States,Nevada,Las Vegas,NV
100,148.66.138.164,AS,Asia,SG,Singapore,,Singapore (Pioneer),
101,212.57.179.229,EU,Europe,RU,Russia,Chelyabinsk,Trëkhgornyy,
102,50.87.99.79,NA,North America,US,United States,Utah,Provo (East Bay),UT
103,193.141.3.66,EU,Europe,DE,Germany,Berlin,Berlin (Charlottenburg-Wilmersdorf),
104,103.18.109.178,OC,Oceania,AU,Australia,New South Wales,Sydney,NSW
105,104.24.117.226,NA,North America,US,United States,Illinois,Chicago,IL
106,185.72.146.135,EU,Europe,RU,Russia,St.-Petersburg,St Petersburg,
107,103.20.214.86,AS,Asia,IN,India,Uttar Pradesh,Faridabad (Sector),
108,64.37.52.109,NA,North America,US,United States,Florida,Orlando,FL
109,50.63.202.50,NA,North America,US,United States,Arizona,Scottsdale (North Scottsdale),AZ
110,81.110.244.223,EU,Europe,GB,United Kingdom,England,Ruddington,
111,103.74.173.161,AS,Asia,HK,Hong Kong,Wan Chai,Wanchai,
112,204.11.58.87,NA,North America,US,United States,Massachusetts,Burlington,MA
113,81.95.121.218,EU,Europe,BE,Belgium,Flanders,Bruges,
114,91.244.71.196,EU,Europe,PL,Poland,Lublin,Lublin,
115,83.170.80.128,EU,Europe,GB,United Kingdom,England,Canary Wharf (Poplar),
116,104.27.171.111,NA,North America,US,United States,Illinois,Chicago,IL
117,191.252.137.134,SA,South America,BR,Brazil,Amazonas,Itacoatiara,
118,94.73.151.165,AS,Asia,TR,Turkey,Istanbul,Istanbul,
119,160.153.161.239,EU,Europe,NL,Netherlands,North Holland,Amsterdam,
120,91.189.41.165,EU,Europe,SE,Sweden,Blekinge,Karlskrona (Galgamarken-Trossö),
121,108.171.216.194,NA,North America,US,United States,Virginia,Ashburn,VA
122,104.18.48.244,NA,North America,US,United States,Illinois,Chicago,IL
123,185.51.8.107,EU,Europe,AT,Austria,Vienna,Vienna (Favoriten),
124,64.90.40.97,NA,North America,US,United States,California,Brea,CA
125,108.179.252.167,NA,North America,US,United States,Texas,Houston (Westview),TX
126,167.86.71.168,EU,Europe,DE,Germany,Bavaria,Munich (Ramersdorf-Perlach),
127,104.237.151.237,NA,North America,US,United States,New Jersey,Newark,NJ
128,85.10.207.71,EU,Europe,DE,Germany,Bavaria,Nuremberg,
129,35.186.238.101,NA,North America,US,United States,Virginia,Ashburn,VA
130,173.239.5.6,NA,North America,US,United States,New Jersey,Newark,NJ
131,93.191.158.12,EU,Europe,DK,Denmark,Central Jutland,Skanderborg,
132,97.74.26.14,NA,North America,US,United States,Arizona,Scottsdale (North Scottsdale),AZ
133,193.189.139.117,EU,Europe,NL,Netherlands,Gelderland,Nijmegen (Benedenstad),
134,81.169.145.150,EU,Europe,DE,Germany,Berlin,Berlin (Charlottenburg-Wilmersdorf),
135,185.67.45.138,EU,Europe,NL,Netherlands,North Holland,Amsterdam,
136,52.206.1.135,NA,North America,US,United States,Virginia,Ashburn,VA
137,110.4.45.234,AS,Asia,MY,Malaysia,Kuala Lumpur,Kuala Lumpur (Bukit Ceylon),
138,162.241.252.158,NA,North America,US,United States,Utah,Provo (East Bay),UT
139,107.180.51.22,NA,North America,US,United States,Arizona,Scottsdale (North Scottsdale),AZ
140,103.250.90.35,OC,Oceania,NZ,New Zealand,Canterbury,Timaru,
141,165.227.56.197,NA,North America,US,United States,California,Santa Clara,CA
142,185.232.248.102,EU,Europe,NL,Netherlands,Friesland,Drachten,
143,103.44.220.32,AS,Asia,SG,Singapore,,Singapore,
144,88.218.117.52,AS,Asia,IL,Israel,Central District,Ness Ziona,
145,199.79.62.108,NA,North America,US,United States,Massachusetts,Burlington,MA
146,67.231.253.131,NA,North America,US,United States,New York,Latham,NY
147,217.126.117.54,EU,Europe,ES,Spain,Madrid,Madrid,
148,195.20.53.43,EU,Europe,NL,Netherlands,North Holland,Amsterdam (Centrum),
149,202.75.223.155,AS,Asia,CN,China,Zhejiang,Hangzhou (Xihu Qu),
150,121.254.168.243,AS,Asia,KR,South Korea,Gyeonggi-do,Seongnam-si (Daewangpangyo-ro),
151,81.177.140.221,EU,Europe,RU,Russia,Ryazan Oblast,Ryazan,
152,192.124.249.11,NA,North America,US,United States,California,Menifee,CA
153,173.249.36.246,EU,Europe,DE,Germany,Bavaria,Munich (Ramersdorf-Perlach),
154,148.251.14.77,EU,Europe,DE,Germany,Saxony,Falkenstein,
155,209.59.190.124,NA,North America,US,United States,Michigan,Lansing,MI
156,149.28.157.193,AS,Asia,SG,Singapore,,Singapore (Queenstown Estate),
157,211.43.203.75,AS,Asia,KR,South Korea,Seoul,Seoul (Samseong 1(il)-dong),
158,217.116.232.212,EU,Europe,DK,Denmark,Capital Region,Copenhagen,
159,46.101.153.43,EU,Europe,DE,Germany,Hesse,Frankfurt am Main,
160,217.160.231.130,EU,Europe,DE,Germany,Baden-Württemberg,Karlsruhe,
161,46.30.213.217,EU,Europe,DK,Denmark,Capital Region,Copenhagen,
162,122.114.118.37,AS,Asia,CN,China,Henan,Zhengzhou (Zhongmu Xian),
163,205.144.171.142,NA,North America,US,United States,California,Industry,CA
164,192.185.41.190,NA,North America,US,United States,Massachusetts,Burlington,MA
165,194.90.186.141,AS,Asia,IL,Israel,Haifa,Haifa,
166,72.249.60.213,NA,North America,US,United States,Texas,Dallas,TX
167,13.53.166.83,EU,Europe,SE,Sweden,Stockholm,Stockholm,
168,66.160.144.211,NA,North America,US,United States,Texas,Houston (Westside),TX
169,186.202.153.6,SA,South America,BR,Brazil,Amazonas,Itacoatiara,
170,192.185.113.35,NA,North America,US,United States,Massachusetts,Burlington,MA
171,122.114.213.221,AS,Asia,CN,China,Henan,Zhengzhou (Zhongmu Xian),
172,94.126.169.142,EU,Europe,PT,Portugal,Faro,Faro Municipality,
173,77.105.37.66,EU,Europe,RS,Serbia,Central Serbia,Belgrade,
174,177.185.196.49,SA,South America,BR,Brazil,Rio Grande do Sul,Porto Alegre,
175,78.47.232.63,EU,Europe,DE,Germany,Saxony,Falkenstein,
176,162.125.65.6,EU,Europe,NL,Netherlands,North Holland,Amsterdam,
177,162.209.94.55,NA,North America,US,United States,Texas,San Antonio (Northeast Side),TX
178,210.245.84.75,AS,Asia,VN,Vietnam,Hanoi,Hanoi,
179,108.161.135.148,NA,North America,US,United States,Texas,Dallas,TX
180,116.0.121.235,AS,Asia,MY,Malaysia,Kuala Lumpur,Kuala Lumpur,
181,185.98.131.43,EU,Europe,FR,France,Île-de-France,Paris,
182,80.239.139.40,EU,Europe,DE,Germany,Berlin,Berlin (Bezirk Mitte),
183,195.36.181.186,EU,Europe,FR,France,Auvergne-Rhône-Alpes,Bourg-en-Bresse,
184,107.181.230.10,NA,North America,US,United States,Utah,Salt Lake City (Downtown),UT
185,178.128.61.31,AS,Asia,SG,Singapore,,Singapore (Pioneer),
186,145.14.145.102,NA,North America,US,United States,North Carolina,Charlotte,NC
187,89.46.108.57,EU,Europe,IT,Italy,Tuscany,Arezzo,
188,193.141.3.65,EU,Europe,DE,Germany,Berlin,Berlin (Charlottenburg-Wilmersdorf),
189,92.53.96.208,EU,Europe,RU,Russia,St.-Petersburg,St Petersburg,
190,188.166.0.59,EU,Europe,NL,Netherlands,North Holland,Amsterdam,
191,210.245.8.110,AS,Asia,VN,Vietnam,Hanoi,Hanoi,
192,154.215.219.132,AS,Asia,HK,Hong Kong,Tsuen Wan,Tsuen Wan,
193,144.91.100.242,EU,Europe,DE,Germany,Bavaria,Munich (Ramersdorf-Perlach),
194,35.171.173.80,NA,North America,US,United States,Virginia,Ashburn,VA
195,18.223.41.243,NA,North America,US,United States,Ohio,Dublin,OH
196,184.168.131.241,NA,North America,US,United States,Arizona,Scottsdale (North Scottsdale),AZ
197,52.216.98.205,NA,North America,US,United States,Virginia,Ashburn,VA
198,159.69.63.214,EU,Europe,DE,Germany,Saxony,Falkenstein,
199,163.172.75.8,EU,Europe,FR,France,Île-de-France,Paris,
200,80.65.77.146,EU,Europe,BA,Bosnia and Herzegovina,Federation of B&H,Sarajevo (Centar Sarajevo),
201,74.124.197.205,NA,North America,US,United States,California,Los Angeles (Westchester),CA
202,74.206.232.234,NA,North America,US,United States,New York,Garden City,NY
203,185.22.109.12,EU,Europe,FR,France,Île-de-France,Paris,
204,37.156.144.226,AS,Asia,IR,Iran,Tehrān,Tehran,
205,103.6.196.13,AS,Asia,MY,Malaysia,Kuala Lumpur,Kuala Lumpur (Bukit Ceylon),
206,103.43.71.96,AS,Asia,HK,Hong Kong,Sham Shui Po,Sham Shui Po,
207,15.164.83.206,AS,Asia,KR,South Korea,Seoul,Seoul,
208,201.148.107.59,SA,South America,CL,Chile,Santiago Metropolitan,Las Condes,
209,156.67.222.189,AS,Asia,SG,Singapore,,Singapore,
210,216.71.116.252,NA,North America,US,United States,Connecticut,Milford,CT
211,191.252.51.61,SA,South America,BR,Brazil,Amazonas,Itacoatiara,
212,103.27.60.30,AS,Asia,VN,Vietnam,Ho Chi Minh,Ho Chi Minh City,
213,192.40.165.109,NA,North America,CA,Canada,Ontario,Ottawa (Nepean),ON
214,148.66.138.137,AS,Asia,SG,Singapore,,Singapore (Pioneer),
215,97.74.237.241,NA,North America,US,United States,Arizona,Scottsdale (North Scottsdale),AZ
216,5.63.8.182,AS,Asia,IR,Iran,Tehrān,Tehran,
217,104.31.69.75,NA,North America,US,United States,Illinois,Chicago,IL
218,61.218.139.220,AS,Asia,TW,Taiwan,Taiwan,Taichung,
219,185.112.145.193,EU,Europe,IS,Iceland,Capital Region,Reykjavik (Miðborg),
220,67.43.3.108,NA,North America,US,United States,Michigan,Lansing,MI
221,13.249.12.46,EU,Europe,FR,France,Île-de-France,Paris,
222,154.213.188.137,AS,Asia,HK,Hong Kong,Tsuen Wan,Tsuen Wan,
223,67.227.236.173,NA,North America,US,United States,Michigan,Lansing,MI
224,192.254.236.35,NA,North America,US,United States,Massachusetts,Burlington,MA
225,94.103.206.238,EU,Europe,SE,Sweden,Västra Götaland,Gothenburg,
226,182.61.162.56,AS,Asia,CN,China,Beijing,Beijing,
227,66.42.61.193,NA,North America,US,United States,New York,New York,NY
228,172.96.191.139,AS,Asia,SG,Singapore,,Singapore,
229,47.75.65.199,AS,Asia,HK,Hong Kong,Tsuen Wan,Tsuen Wan,
230,85.17.145.43,EU,Europe,NL,Netherlands,North Holland,Amsterdam,
231,194.58.56.43,EU,Europe,RU,Russia,Moscow,Moscow (North-Western Administrative Okrug),
232,43.255.154.57,AS,Asia,SG,Singapore,,Singapore (Pioneer),
233,162.222.227.215,NA,North America,US,United States,Texas,Austin (Southeast Austin),TX
234,188.40.100.212,EU,Europe,DE,Germany,Saxony,Falkenstein,
235,185.53.179.6,EU,Europe,DE,Germany,Bavaria,Munich (Altstadt-Lehel),
236,107.180.55.11,NA,North America,US,United States,Arizona,Scottsdale (North Scottsdale),AZ
237,185.208.164.120,EU,Europe,PL,Poland,Lesser Poland,Krakow (Bieżanów-Prokocim),
238,3.19.155.149,NA,North America,US,United States,Ohio,Dublin,OH
239,93.88.75.180,EU,Europe,NL,Netherlands,Drenthe,Meppel,
240,131.153.37.3,NA,North America,US,United States,California,Diamond Bar (Valle Lindo),CA
241,143.137.191.205,SA,South America,BR,Brazil,Pará,Belém,
242,178.162.201.181,EU,Europe,DE,Germany,Hesse,Frankfurt am Main (Innenstadt I),
243,157.7.163.35,AS,Asia,JP,Japan,Tokyo,Shibuya (Sakuragaokachō),
244,193.168.194.148,AS,Asia,SG,Singapore,,Singapore,
245,165.22.210.152,AS,Asia,IN,India,Karnataka,Bengaluru,
246,146.71.124.42,NA,North America,US,United States,Utah,Salt Lake City (Downtown),UT
247,195.228.152.79,EU,Europe,HU,Hungary,Budapest,Budapest,
248,119.3.220.45,AS,Asia,CN,China,Beijing,Beijing,
249,66.102.1.139,EU,Europe,BE,Belgium,Brussels Capital,Brussels,
250,103.247.10.240,AS,Asia,ID,Indonesia,Jakarta,Jakarta,
251,77.104.142.166,AS,Asia,SG,Singapore,,Singapore,
252,146.66.72.197,NA,North America,US,United States,Illinois,Chicago (Near South Side),IL
253,148.72.82.218,NA,North America,US,United States,Arizona,Scottsdale (North Scottsdale),AZ
254,35.242.195.100,NA,North America,US,United States,Virginia,Ashburn,VA
255,191.6.207.73,SA,South America,BR,Brazil,Rio Grande do Sul,Porto Alegre,
256,195.20.41.99,EU,Europe,NL,Netherlands,North Holland,Amsterdam (Centrum),
257,190.183.61.120,SA,South America,AR,Argentina,Buenos Aires F.D.,Buenos Aires (San Nicolas),
258,81.19.145.32,EU,Europe,AT,Austria,Upper Austria,Linz (Lustenau),
259,59.106.191.203,AS,Asia,JP,Japan,Ōsaka,Kita-ku,
260,103.115.99.37,AS,Asia,ID,Indonesia,Yogyakarta,Gamping Lor,
261,45.40.155.145,NA,North America,US,United States,Arizona,Scottsdale (North Scottsdale),AZ
262,51.83.245.9,EU,Europe,PL,Poland,Lower Silesia,Wrocław (Fabryczna),
263,159.65.180.54,NA,North America,US,United States,New Jersey,Clifton,NJ
264,178.255.228.201,EU,Europe,ES,Spain,Valencia,Paterna,
265,67.217.34.52,NA,North America,US,United States,Illinois,Chicago,IL
266,23.234.13.45,NA,North America,US,United States,California,Rowland Heights,CA
267,172.253.120.100,NA,North America,US,United States,Virginia,Ashburn,VA
268,103.51.160.126,AS,Asia,SG,Singapore,,Singapore (Serangoon New Town),
269,104.18.51.229,NA,North America,US,United States,Illinois,Chicago,IL
270,216.193.224.77,NA,North America,US,United States,California,Los Angeles (Chatsworth),CA
271,94.231.103.33,EU,Europe,DK,Denmark,Central Jutland,Skanderborg,
272,173.254.28.210,NA,North America,US,United States,Utah,Salt Lake City,UT
273,172.253.120.113,NA,North America,US,United States,Virginia,Ashburn,VA
274,160.153.129.35,EU,Europe,NL,Netherlands,North Holland,Amsterdam,
275,110.49.73.74,AS,Asia,TH,Thailand,Bangkok,Bangkok,
276,112.137.129.15,AS,Asia,VN,Vietnam,Hanoi,Hanoi,
277,23.89.214.114,NA,North America,US,United States,California,Los Angeles,CA
278,98.129.229.246,NA,North America,US,United States,Michigan,Lansing,MI
279,191.6.204.77,SA,South America,BR,Brazil,Rio Grande do Sul,Porto Alegre,
280,94.73.147.146,AS,Asia,TR,Turkey,Istanbul,Istanbul,
281,69.90.66.10,NA,North America,CA,Canada,Ontario,Toronto,ON
282,134.0.14.244,EU,Europe,ES,Spain,Catalonia,Malgrat de Mar,
283,198.38.83.113,NA,North America,US,United States,Illinois,Chicago,IL
284,118.145.6.187,AS,Asia,CN,China,Beijing,Beijing,
285,217.182.79.12,EU,Europe,PL,Poland,Lower Silesia,Wrocław (Fabryczna),
286,45.60.98.79,NA,North America,US,United States,California,Redwood City (Redwood Shores),CA
287,104.27.130.147,NA,North America,US,United States,Illinois,Chicago,IL
288,107.155.73.74,NA,North America,US,United States,Washington,Oak Harbor,WA
289,143.95.37.253,NA,North America,US,United States,Massachusetts,Burlington,MA
290,161.117.191.111,AS,Asia,SG,Singapore,,Singapore (Downtown Core),
291,104.26.6.128,NA,North America,US,United States,Illinois,Chicago,IL
292,209.190.46.250,NA,North America,US,United States,Ohio,Columbus (Northern Woods),OH
293,160.153.133.167,EU,Europe,NL,Netherlands,North Holland,Amsterdam,
294,192.185.112.43,NA,North America,US,United States,Massachusetts,Burlington,MA
295,46.30.213.212,EU,Europe,DK,Denmark,Capital Region,Copenhagen,
296,81.169.149.178,EU,Europe,DE,Germany,Berlin,Berlin (Charlottenburg-Wilmersdorf),
297,74.125.133.100,NA,North America,US,United States,Virginia,Ashburn,VA
298,115.231.153.75,AS,Asia,CN,China,Zhejiang,Shaoxing Xian (Zhuji Shi),
299,178.211.50.28,AS,Asia,TR,Turkey,Istanbul,Istanbul,
300,167.114.107.144,NA,North America,CA,Canada,Nova Scotia,Dartmouth (Southdale),NS
301,223.29.251.109,AS,Asia,HK,Hong Kong,Kwun Tong,Kwun Tong,
302,50.63.202.34,NA,North America,US,United States,Arizona,Scottsdale (North Scottsdale),AZ
303,107.180.50.245,NA,North America,US,United States,Arizona,Scottsdale (North Scottsdale),AZ
304,104.28.10.87,NA,North America,US,United States,Illinois,Chicago,IL
305,175.184.234.21,AS,Asia,ID,Indonesia,West Java,Cinangka,
306,104.16.52.111,NA,North America,US,United States,Illinois,Chicago,IL
307,59.188.86.110,AS,Asia,HK,Hong Kong,North,Sheung Shui,
308,154.41.66.2,EU,Europe,FR,France,Île-de-France,Vélizy-Villacoublay,
309,167.99.35.215,EU,Europe,NL,Netherlands,North Holland,Amsterdam,
310,192.124.249.4,NA,North America,US,United States,California,Menifee,CA
311,194.135.87.127,EU,Europe,LT,Lithuania,Vilnius,Vilnius,
312,191.252.4.67,SA,South America,BR,Brazil,Amazonas,Itacoatiara,
313,77.66.124.120,EU,Europe,DK,Denmark,Capital Region,Copenhagen,
314,64.233.167.113,NA,North America,US,United States,Virginia,Ashburn,VA
315,202.146.241.44,AS,Asia,ID,Indonesia,West Java,Bandung,
316,185.105.85.27,EU,Europe,RO,Romania,Galaţi,Galati,
317,80.172.234.6,EU,Europe,GB,United Kingdom,England,London,
318,103.229.72.193,AS,Asia,ID,Indonesia,Jakarta,Kuningan Barat,
319,192.124.249.18,NA,North America,US,United States,California,Menifee,CA
320,213.155.4.64,EU,Europe,UA,Ukraine,Kyiv City,Kyiv,
321,54.65.172.3,AS,Asia,JP,Japan,Tokyo,Tokyo,
322,195.201.138.108,EU,Europe,DE,Germany,Bavaria,Nuremberg,
323,192.169.157.103,NA,North America,US,United States,Arizona,Scottsdale (North Scottsdale),AZ
324,89.42.219.211,EU,Europe,RO,Romania,Covasna,Sfântu Gheorghe,
325,104.24.103.8,NA,North America,US,United States,Illinois,Chicago,IL
326,23.229.181.169,NA,North America,US,United States,Arizona,Scottsdale (North Scottsdale),AZ
327,213.132.197.183,EU,Europe,NL,Netherlands,North Holland,Amsterdam,
328,81.171.22.5,EU,Europe,NL,Netherlands,North Holland,Amsterdam (Nieuwmarkt en Lastage),
329,103.27.62.62,AS,Asia,VN,Vietnam,Ho Chi Minh,Ho Chi Minh City,
330,35.208.163.0,NA,North America,US,United States,Illinois,Chicago,IL
331,5.23.50.173,EU,Europe,RU,Russia,St.-Petersburg,St Petersburg,
332,146.66.89.239,AS,Asia,SG,Singapore,,Singapore,
333,103.97.124.23,AS,Asia,VN,Vietnam,Ho Chi Minh,Ho Chi Minh City,
334,104.168.166.107,NA,North America,US,United States,Washington,Seattle,WA
335,47.240.111.62,AS,Asia,HK,Hong Kong,Central and Western,Hong Kong,
336,192.124.249.68,NA,North America,US,United States,California,Menifee,CA
337,103.131.51.46,AS,Asia,ID,Indonesia,Yogyakarta,Yogyakarta,
338,184.168.47.225,NA,North America,US,United States,Arizona,Scottsdale (North Scottsdale),AZ
339,159.253.41.130,AS,Asia,TR,Turkey,Denizli,Pamukkale,
340,96.31.35.107,NA,North America,US,United States,California,Pasadena (Lamanda Park),CA
341,37.152.88.116,EU,Europe,ES,Spain,Balearic Islands,Manacor,
342,112.197.2.11,AS,Asia,VN,Vietnam,Ho Chi Minh,Ho Chi Minh City,
343,104.27.161.219,NA,North America,US,United States,Illinois,Chicago,IL
344,50.87.11.99,NA,North America,US,United States,Utah,Provo (East Bay),UT
345,104.27.166.118,NA,North America,US,United States,Illinois,Chicago,IL
346,101.0.119.90,OC,Oceania,AU,Australia,New South Wales,Redfern,NSW
347,34.102.176.152,NA,North America,US,United States,Virginia,Ashburn,VA
348,163.43.91.193,AS,Asia,JP,Japan,Ōsaka,Kita-ku,
349,119.27.188.51,AS,Asia,JP,Japan,Tokyo,Tokyo,
350,198.187.29.46,NA,North America,US,United States,Georgia,Atlanta (West End),GA
351,203.30.44.22,OC,Oceania,AU,Australia,Western Australia,Malaga,WA
352,54.189.177.165,NA,North America,US,United States,Oregon,Portland,OR
353,166.62.28.93,AS,Asia,SG,Singapore,,Singapore,
354,185.182.56.159,EU,Europe,NL,Netherlands,Flevoland,Almere Stad (Almere Haven),
355,54.36.31.145,EU,Europe,IE,Ireland,Leinster,Dublin,
356,23.229.174.2,NA,North America,US,United States,Arizona,Scottsdale (North Scottsdale),AZ
357,177.185.192.135,SA,South America,BR,Brazil,Rio Grande do Sul,Porto Alegre,
358,184.154.80.146,NA,North America,US,United States,Illinois,Chicago,IL
359,104.168.220.174,NA,North America,US,United States,Washington,Seattle,WA
360,5.145.172.117,EU,Europe,ES,Spain,Andalusia,Brenes,
361,67.227.206.154,NA,North America,MX,Mexico,Puebla,Tehuacán (Morelos),
362,198.55.121.47,NA,North America,US,United States,California,Los Angeles (Downtown),CA
363,160.153.47.134,NA,North America,US,United States,Arizona,Scottsdale (North Scottsdale),AZ
364,104.27.178.91,NA,North America,US,United States,Illinois,Chicago,IL
365,74.124.198.131,NA,North America,US,United States,California,Santa Monica (Sunset Park),CA
366,94.130.200.225,EU,Europe,DE,Germany,Saxony,Falkenstein,
367,104.18.54.131,NA,North America,US,United States,Illinois,Chicago,IL
368,110.4.45.90,AS,Asia,MY,Malaysia,Kuala Lumpur,Kuala Lumpur (Bukit Ceylon),
369,160.153.137.167,EU,Europe,NL,Netherlands,North Holland,Amsterdam,
370,192.185.216.30,NA,North America,US,United States,Massachusetts,Burlington,MA
371,205.186.175.161,NA,North America,US,United States,California,Los Angeles,CA
372,185.21.40.191,EU,Europe,DK,Denmark,Central Jutland,Skanderborg,
373,103.92.25.150,AS,Asia,VN,Vietnam,Ho Chi Minh,Ho Chi Minh City (Phường Chín),
374,185.179.191.130,EU,Europe,RU,Russia,Moscow,Moscow,
375,211.100.61.94,AS,Asia,CN,China,Jiangsu,Suzhou,
376,69.89.31.120,NA,North America,US,United States,Utah,Provo (East Bay),UT
377,144.34.175.138,NA,North America,US,United States,California,Los Angeles (Downtown),CA
378,162.255.119.121,NA,North America,US,United States,Arizona,Phoenix (South Mountain),AZ
379,88.214.28.134,EU,Europe,NL,Netherlands,North Holland,Amsterdam,
380,45.40.182.1,NA,North America,US,United States,Arizona,Scottsdale (North Scottsdale),AZ
381,104.27.178.15,NA,North America,US,United States,Illinois,Chicago,IL
382,89.161.255.11,EU,Europe,PL,Poland,West Pomerania,Szczecin,
383,195.20.50.218,EU,Europe,NL,Netherlands,North Holland,Amsterdam (Centrum),
384,87.236.16.22,EU,Europe,RU,Russia,St.-Petersburg,St Petersburg,
385,5.9.12.219,EU,Europe,DE,Germany,Saxony,Falkenstein,
386,50.63.202.61,NA,North America,US,United States,Arizona,Scottsdale (North Scottsdale),AZ
387,72.44.89.158,NA,North America,US,United States,Michigan,Southfield,MI
388,69.160.38.3,NA,North America,US,United States,Arizona,Tempe,AZ
389,185.61.137.49,EU,Europe,NL,Netherlands,North Holland,Amsterdam,
390,154.223.82.42,AS,Asia,HK,Hong Kong,Tsuen Wan,Tsuen Wan,
391,136.243.172.51,EU,Europe,DE,Germany,Saxony,Falkenstein,
392,103.65.236.132,AS,Asia,ID,Indonesia,Jakarta,Jakarta,
393,103.215.188.35,AS,Asia,HK,Hong Kong,Central and Western,Central,
394,163.44.193.150,AS,Asia,VN,Vietnam,Hanoi,Hanoi,
395,58.158.177.102,AS,Asia,JP,Japan,Tokyo,Chūō,
396,185.62.237.40,AS,Asia,SG,Singapore,,Singapore,
397,31.220.110.249,AS,Asia,SG,Singapore,,Singapore,
398,198.71.233.68,NA,North America,US,United States,Arizona,Scottsdale (North Scottsdale),AZ
399,104.28.1.161,NA,North America,US,United States,Illinois,Chicago,IL
400,87.117.225.108,EU,Europe,GB,United Kingdom,Northern Ireland,Carrickfergus,
401,91.195.240.117,EU,Europe,DE,Germany,Hesse,Frankfurt am Main,
402,35.196.101.231,NA,North America,US,United States,California,Mountain View,CA
403,111.198.158.123,AS,Asia,CN,China,Beijing,Jinrongjie (Xicheng District),
404,195.201.3.228,EU,Europe,DE,Germany,Bavaria,Nuremberg,
405,204.93.197.197,NA,North America,US,United States,California,San Jose (North San Jose),CA
406,104.31.89.138,NA,North America,US,United States,Illinois,Chicago,IL
407,145.14.145.91,NA,North America,US,United States,North Carolina,Charlotte,NC
408,52.220.2.227,AS,Asia,SG,Singapore,,Singapore,
409,172.253.120.128,NA,North America,US,United States,Virginia,Ashburn,VA
410,95.211.144.65,EU,Europe,NL,Netherlands,North Holland,Amsterdam,
411,111.67.28.4,OC,Oceania,AU,Australia,Victoria,Mount Waverley,VIC
412,162.241.148.182,NA,North America,US,United States,Utah,Provo (East Bay),UT
413,213.197.180.72,EU,Europe,LT,Lithuania,Vilnius,Vilnius,
414,166.88.169.184,NA,North America,US,United States,Nevada,Las Vegas,NV
415,160.153.16.31,EU,Europe,NL,Netherlands,North Holland,Amsterdam,
416,206.198.225.21,NA,North America,US,United States,Alabama,Huntsville,AL
417,188.93.125.34,EU,Europe,RS,Serbia,Central Serbia,Belgrade (Stari Grad),
418,122.201.80.182,OC,Oceania,AU,Australia,New South Wales,Mascot,NSW
419,85.25.150.236,EU,Europe,DE,Germany,Hesse,Frankfurt am Main,
420,37.52.9.2,EU,Europe,UA,Ukraine,Zaporizhia,Zaporizhia,
421,190.107.177.45,SA,South America,CL,Chile,Santiago Metropolitan,Providencia,
422,157.245.32.57,EU,Europe,GB,United Kingdom,England,London,
423,134.119.157.158,EU,Europe,DE,Germany,Bavaria,Ismaning,
424,46.249.205.36,EU,Europe,GB,United Kingdom,Scotland,Edinburgh,
425,191.252.134.32,SA,South America,BR,Brazil,Amazonas,Itacoatiara,
426,45.194.121.98,AS,Asia,HK,Hong Kong,Sai Kung,Hong Kong (Tseung Kwan O),
427,195.211.4.154,EU,Europe,RU,Russia,Moscow,Moscow,
428,64.207.139.91,NA,North America,US,United States,California,Culver City (Hayden Tract),CA
429,150.107.31.71,AS,Asia,TH,Thailand,Chiang Mai,Chiang Mai,
430,104.28.30.119,NA,North America,US,United States,Illinois,Chicago,IL
431,176.9.53.83,EU,Europe,DE,Germany,Saxony,Falkenstein,
432,103.133.215.78,AS,Asia,IN,India,Uttar Pradesh,Noida (Sector),
433,74.85.244.120,NA,North America,US,United States,Oregon,Portland (Southwest Portland),OR
434,190.107.176.13,SA,South America,CL,Chile,Santiago Metropolitan,Peñalolén,
435,54.36.47.161,EU,Europe,FR,France,Île-de-France,Paris,
436,207.58.149.159,NA,North America,US,United States,Virginia,McLean,VA
437,78.129.131.216,EU,Europe,GB,United Kingdom,Northern Ireland,Belfast,
438,128.14.84.126,NA,North America,US,United States,California,Diamond Bar,CA
439,81.169.145.74,EU,Europe,DE,Germany,Berlin,Berlin (Charlottenburg-Wilmersdorf),
440,141.138.169.211,EU,Europe,NL,Netherlands,Overijssel,Enschede (Bedrijfsterreinen Enschede-West),
441,64.235.242.202,NA,North America,US,United States,California,Los Angeles (Chatsworth),CA
442,156.249.174.252,EU,Europe,GB,United Kingdom,England,London,
443,192.124.249.156,NA,North America,US,United States,California,Menifee,CA
444,193.141.3.67,EU,Europe,DE,Germany,Berlin,Berlin (Charlottenburg-Wilmersdorf),
445,139.59.23.3,AS,Asia,IN,India,Karnataka,Bengaluru,
446,101.53.144.237,AS,Asia,IN,India,Delhi,New Delhi,
447,94.126.169.104,EU,Europe,PT,Portugal,Faro,Faro Municipality,
448,87.118.86.233,EU,Europe,DE,Germany,Thuringia,Erfurt (Altstadt),
449,157.7.188.27,AS,Asia,JP,Japan,Tokyo,Shibuya (Sakuragaokachō),
450,172.104.33.209,AS,Asia,SG,Singapore,,Singapore,
451,216.172.172.252,NA,North America,US,United States,Massachusetts,Burlington,MA
452,194.181.229.233,EU,Europe,PL,Poland,Mazovia,Warsaw,
453,41.76.210.141,AF,Africa,ZA,South Africa,Gauteng,Sandton (Edenburg),
454,50.63.202.69,NA,North America,US,United States,Arizona,Scottsdale (North Scottsdale),AZ
455,132.148.241.6,NA,North America,US,United States,Arizona,Scottsdale (North Scottsdale),AZ
456,69.16.238.239,NA,North America,US,United States,Illinois,Chicago,IL
457,206.221.182.74,NA,North America,US,United States,New Jersey,Township of Piscataway,NJ
458,119.28.66.139,AS,Asia,SG,Singapore,,Singapore,
459,192.95.8.194,SA,South America,BR,Brazil,Paraná,Bacacheri,
460,66.45.249.226,NA,North America,US,United States,New Jersey,Newark,NJ
461,64.111.116.149,NA,North America,US,United States,California,Brea,CA
462,198.185.159.144,NA,North America,US,United States,New York,New York,NY
463,104.24.108.98,NA,North America,US,United States,Illinois,Chicago,IL
464,167.205.50.4,AS,Asia,ID,Indonesia,West Java,Hegarmanah,
465,210.245.90.208,AS,Asia,VN,Vietnam,Hanoi,Hanoi,
466,162.248.50.137,NA,North America,US,United States,Texas,Dallas,TX
467,186.64.118.105,SA,South America,CL,Chile,Maule Region,Curicó,
468,185.158.165.111,EU,Europe,NL,Netherlands,North Holland,Amsterdam,
469,50.87.253.11,NA,North America,US,United States,Utah,Salt Lake City,UT
470,162.215.253.205,NA,North America,US,United States,Massachusetts,Burlington,MA
471,217.116.232.209,EU,Europe,DK,Denmark,Capital Region,Copenhagen,
472,104.24.115.17,NA,North America,US,United States,Illinois,Chicago,IL
473,18.139.21.118,AS,Asia,SG,Singapore,,Singapore,
474,186.202.153.76,SA,South America,BR,Brazil,Amazonas,Itacoatiara,
475,176.31.85.118,EU,Europe,FR,France,Île-de-France,Suresnes,
476,74.208.223.11,NA,North America,US,United States,Missouri,Kansas City (Financial District),MO
477,45.117.171.47,AS,Asia,VN,Vietnam,Ho Chi Minh,Ho Chi Minh City,
478,69.49.101.57,NA,North America,US,United States,Florida,Fort Lauderdale (South Fort Lauderdale),FL
479,131.153.101.9,NA,North America,US,United States,Arizona,Tempe,AZ
480,177.70.106.108,SA,South America,BR,Brazil,São Paulo,São Paulo,
481,202.29.64.45,AS,Asia,TH,Thailand,Bangkok,Bangkok,
482,167.99.226.22,NA,North America,US,United States,New Jersey,North Bergen,NJ
483,13.232.78.254,AS,Asia,IN,India,Maharashtra,Mumbai,
484,217.115.119.178,EU,Europe,IE,Ireland,Leinster,Dublin (Tallaght),
485,162.241.252.185,NA,North America,US,United States,Utah,Provo (East Bay),UT
486,91.195.240.13,EU,Europe,DE,Germany,North Rhine-Westphalia,Cologne (Neustadt/Nord),
487,118.123.16.3,AS,Asia,CN,China,Sichuan,Zhongba,
488,191.252.46.14,SA,South America,BR,Brazil,Amazonas,Itacoatiara,
489,185.165.118.165,AS,Asia,IR,Iran,Tehrān,Tehran,
490,148.72.10.173,NA,North America,US,United States,Arizona,Scottsdale (North Scottsdale),AZ
491,37.9.175.19,EU,Europe,SK,Slovakia,Bratislava,Bratislava (Karlova Ves),
492,107.180.14.32,NA,North America,US,United States,Arizona,Scottsdale (North Scottsdale),AZ
493,104.198.14.52,NA,North America,US,United States,New Jersey,Newark,NJ
494,206.81.100.99,NA,North America,US,United States,California,Fremont (East Industrial),CA
495,195.211.74.112,EU,Europe,NL,Netherlands,Overijssel,Enschede (Bedrijfsterreinen Enschede-West),
496,103.27.200.71,AS,Asia,TH,Thailand,Trang,Trang,
497,87.242.76.151,EU,Europe,RU,Russia,Moscow,Moscow (Tsentralnyy administrativnyy okrug),
498,119.28.223.220,AS,Asia,SG,Singapore,,Singapore,
499,192.185.116.109,NA,North America,US,United States,Massachusetts,Burlington,MA
500,107.180.6.48,NA,North America,US,United States,Arizona,Scottsdale (North Scottsdale),AZ
501,82.146.54.42,EU,Europe,RU,Russia,Irkutsk Oblast,Irkutsk,
502,93.115.87.58,EU,Europe,RO,Romania,Bucureşti,Bucharest (Sector 2),
503,192.185.36.116,NA,North America,US,United States,Massachusetts,Burlington,MA
504,34.87.115.59,NA,North America,US,United States,California,Mountain View,CA
505,162.159.135.233,NA,North America,US,United States,Illinois,Chicago,IL
506,91.227.16.45,EU,Europe,RU,Russia,Saratovskaya Oblast,Saratov,
507,177.185.206.124,SA,South America,BR,Brazil,Rio Grande do Sul,Porto Alegre,
508,185.151.28.153,EU,Europe,GB,United Kingdom,England,Derby,
509,65.75.154.98,NA,North America,US,United States,Georgia,Atlanta,GA
510,205.134.234.68,NA,North America,US,United States,California,Los Angeles (Silver Lake),CA
511,103.18.78.66,AS,Asia,ID,Indonesia,West Java,Cikarawang,
512,107.161.87.162,NA,North America,US,United States,Texas,Dallas,TX
513,163.43.29.57,AS,Asia,JP,Japan,Ōsaka,Kita-ku,
514,137.220.196.28,AS,Asia,JP,Japan,Tokyo,Tokyo,
515,63.143.47.50,NA,North America,US,United States,Texas,Dallas (Downtown),TX
516,91.201.60.23,EU,Europe,SE,Sweden,Västra Götaland,Gothenburg (Inom Vallgraven),
517,112.213.89.130,AS,Asia,VN,Vietnam,Ho Chi Minh,Ho Chi Minh City,
518,15.165.112.17,AS,Asia,KR,South Korea,Seoul,Seoul,
519,208.113.172.82,NA,North America,US,United States,California,Brea,CA
520,31.210.74.154,AS,Asia,TR,Turkey,Istanbul,Istanbul,
521,93.113.174.41,EU,Europe,RO,Romania,Cluj,Cluj-Napoca,
522,112.78.2.47,AS,Asia,VN,Vietnam,Ho Chi Minh,Ho Chi Minh City,
523,34.69.225.59,NA,North America,US,United States,Virginia,Ashburn,VA
524,159.65.10.195,AS,Asia,SG,Singapore,,Singapore (Pioneer),
525,104.28.3.144,NA,North America,US,United States,Illinois,Chicago,IL
526,107.180.60.7,NA,North America,US,United States,Arizona,Scottsdale (North Scottsdale),AZ
527,64.71.35.65,NA,North America,US,United States,Illinois,Calumet City,IL
528,104.216.135.146,NA,North America,US,United States,California,Los Angeles,CA
529,45.33.49.120,NA,North America,US,United States,California,Los Angeles,CA
530,104.171.189.133,NA,North America,US,United States,Florida,Orlando,FL
531,198.72.118.36,NA,North America,CA,Canada,Quebec,Montreal (Verdun),QC
532,104.31.79.77,NA,North America,US,United States,Illinois,Chicago,IL
533,98.142.110.2,NA,North America,US,United States,Florida,Orlando,FL
534,209.97.147.253,NA,North America,US,United States,New Jersey,Clifton,NJ
535,207.180.246.223,EU,Europe,DE,Germany,Bavaria,Nuremberg,
536,207.148.28.107,NA,North America,US,United States,New York,New York,NY
537,195.210.46.29,AS,Asia,KZ,Kazakhstan,Almaty,Almaty (Zhetysu District),
538,134.73.55.173,NA,North America,US,United States,California,Los Angeles,CA
539,101.0.105.62,OC,Oceania,AU,Australia,New South Wales,Redfern,NSW
540,185.182.57.56,EU,Europe,NL,Netherlands,Flevoland,Almere Stad (Almere Haven),
541,75.98.175.103,NA,North America,US,United States,Michigan,Detroit,MI
542,210.188.201.17,AS,Asia,JP,Japan,Tokyo,Chiyoda,
543,192.99.6.209,NA,North America,CA,Canada,Quebec,Montreal (Ville-Marie),QC
544,177.185.196.66,SA,South America,BR,Brazil,Rio Grande do Sul,Porto Alegre,
545,35.174.78.146,NA,North America,US,United States,Virginia,Ashburn,VA
546,112.78.117.10,AS,Asia,JP,Japan,Ōsaka,Kita-ku,
547,218.161.63.45,AS,Asia,TW,Taiwan,Taiwan,Zhongkeng,
548,167.114.239.236,EU,Europe,FR,France,Hauts-de-France,Roubaix,
549,158.106.135.163,NA,North America,US,United States,Georgia,Atlanta (Downtown),GA
550,54.228.241.9,EU,Europe,IE,Ireland,Leinster,Dublin,
551,103.21.182.12,AS,Asia,MY,Malaysia,Kuala Lumpur,Kuala Lumpur (Bukit Kiara),
552,208.91.197.27,NA,North America,US,United States,Florida,Jacksonville (Southside Estates),FL
553,87.236.16.36,EU,Europe,RU,Russia,St.-Petersburg,St Petersburg,
554,144.91.99.144,EU,Europe,DE,Germany,Bavaria,Munich (Ramersdorf-Perlach),
555,68.66.248.28,NA,North America,US,United States,Michigan,Ann Arbor (Burns Park),MI
556,208.113.222.17,NA,North America,US,United States,California,Brea,CA
557,148.66.138.127,AS,Asia,SG,Singapore,,Singapore (Pioneer),
558,144.91.80.27,EU,Europe,DE,Germany,Bavaria,Munich (Ramersdorf-Perlach),
559,158.199.249.195,AS,Asia,JP,Japan,Tokyo,Chiyoda,
560,148.72.59.152,NA,North America,US,United States,Arizona,Scottsdale (North Scottsdale),AZ
561,50.62.174.113,NA,North America,US,United States,Arizona,Scottsdale (North Scottsdale),AZ
562,137.74.195.140,EU,Europe,FR,France,Grand Est,Strasbourg,
563,77.55.252.46,EU,Europe,PL,Poland,Lesser Poland,Krakow,
564,149.255.60.170,EU,Europe,GB,United Kingdom,England,London,
565,124.225.167.229,AS,Asia,CN,China,Hainan,Haikou,
566,195.208.1.164,EU,Europe,RU,Russia,Moscow,Moscow,
567,91.214.64.67,NA,North America,US,United States,California,Los Angeles (Downtown),CA
568,156.245.174.178,AS,Asia,HK,Hong Kong,Tsuen Wan,Tsuen Wan,
569,180.210.205.151,AS,Asia,SG,Singapore,,Singapore (Queenstown Estate),
570,94.231.103.41,EU,Europe,DK,Denmark,Central Jutland,Skanderborg,
571,91.201.52.81,EU,Europe,RU,Russia,Sverdlovsk,Yekaterinburg,
572,5.196.205.145,EU,Europe,FR,France,Grand Est,Strasbourg,
573,195.208.1.107,EU,Europe,RU,Russia,Moscow,Moscow,
574,185.98.7.228,AS,Asia,KZ,Kazakhstan,Karaganda,Karaganda (Kazybek Bi District),
575,191.252.122.79,SA,South America,BR,Brazil,Amazonas,Itacoatiara,
576,172.106.123.117,NA,North America,US,United States,California,Los Angeles,CA
577,77.120.106.94,EU,Europe,UA,Ukraine,Kyiv City,Kyiv,
578,50.87.144.27,NA,North America,US,United States,Utah,Provo (East Bay),UT
579,178.250.9.157,EU,Europe,DE,Germany,Lower Saxony,Hanover (Bemerode),
580,185.26.112.217,EU,Europe,RU,Russia,Rostov,Khoroshëvskaya,
581,196.41.123.66,AF,Africa,ZA,South Africa,Western Cape,Cape Town (Sunkist),
582,178.63.119.253,EU,Europe,DE,Germany,Saxony,Falkenstein,
583,80.78.250.9,EU,Europe,RU,Russia,Moscow,Moscow (North-Western Administrative Okrug),
584,23.229.136.132,NA,North America,US,United States,Arizona,Scottsdale (North Scottsdale),AZ
585,212.227.11.205,EU,Europe,DE,Germany,Mecklenburg-Vorpommern,Neubrandenburg,
586,158.69.118.43,NA,North America,CA,Canada,Quebec,Montreal (Ville-Marie),QC
587,47.111.185.63,AS,Asia,CN,China,Zhejiang,Hangzhou,
588,192.185.46.44,NA,North America,US,United States,Massachusetts,Burlington,MA
589,188.121.43.61,EU,Europe,NL,Netherlands,North Holland,Amsterdam (Amsterdam-Zuidoost),
590,188.40.75.200,EU,Europe,DE,Germany,Bavaria,Falkenstein,
591,62.210.16.62,EU,Europe,FR,France,Île-de-France,Clichy-sous-Bois,
592,74.124.213.57,NA,North America,US,United States,California,Santa Monica (Sunset Park),CA
593,193.226.64.31,EU,Europe,MD,Moldova,Chișinău Municipality,Chisinau,
594,178.159.240.167,EU,Europe,BY,Belarus,Minsk,Kolodishchi,
595,80.211.3.191,EU,Europe,IT,Italy,Tuscany,Arezzo,
596,185.53.179.7,EU,Europe,DE,Germany,Bavaria,Munich (Altstadt-Lehel),
597,145.14.144.243,NA,North America,US,United States,North Carolina,Charlotte,NC
598,85.134.54.10,EU,Europe,FI,Finland,Ostrobothnia,Närpes,
599,185.26.122.17,EU,Europe,RU,Russia,St.-Petersburg,St Petersburg,
600,167.99.221.211,EU,Europe,NL,Netherlands,North Holland,Amsterdam,
601,150.109.40.227,AS,Asia,SG,Singapore,,Singapore,
602,91.203.69.224,EU,Europe,LV,Latvia,Riga,Riga (Latgales priekšpilsēta),
603,92.48.206.135,EU,Europe,NL,Netherlands,North Holland,Heemskerk,
604,115.223.16.183,AS,Asia,CN,China,Zhejiang,Wenzhou,
605,51.158.172.143,EU,Europe,NL,Netherlands,North Holland,Amsterdam,
606,67.222.130.10,NA,North America,MX,Mexico,Morelos,Oaxtepec (Centro),
607,112.223.193.156,AS,Asia,KR,South Korea,Gyeonggi-do,Anyang-si (Deokcheon-ro),
608,201.76.51.228,SA,South America,BR,Brazil,São Paulo,São Paulo,
609,160.16.196.37,AS,Asia,JP,Japan,Ōsaka,Kita-ku,
610,158.69.9.248,SA,South America,CO,Colombia,Santander,Bucaramanga (Comuna 12 Cabecera del Llano),
611,193.141.3.73,EU,Europe,DE,Germany,Berlin,Berlin (Charlottenburg-Wilmersdorf),
612,192.232.218.126,NA,North America,US,United States,Massachusetts,Burlington,MA
613,112.124.19.45,AS,Asia,CN,China,Zhejiang,Hangzhou,
614,77.105.36.204,EU,Europe,RS,Serbia,Central Serbia,Belgrade,
615,188.166.163.0,EU,Europe,DE,Germany,Hesse,Frankfurt am Main,
616,176.9.84.212,EU,Europe,DE,Germany,Saxony,Falkenstein,
617,81.19.145.157,EU,Europe,AT,Austria,Upper Austria,Linz (Lustenau),
618,162.255.119.212,NA,North America,US,United States,New Jersey,Newark,NJ
619,182.50.151.41,AS,Asia,SG,Singapore,,Singapore (Pioneer),
620,188.132.157.36,AS,Asia,TR,Turkey,Ankara,Ankara,
621,5.101.152.175,EU,Europe,RU,Russia,St.-Petersburg,St Petersburg,
622,77.68.74.98,EU,Europe,GB,United Kingdom,England,Gloucester,
623,172.253.120.139,NA,North America,US,United States,Virginia,Ashburn,VA
624,151.101.1.195,NA,North America,US,United States,Virginia,Ashburn,VA
625,216.189.0.22,NA,North America,US,United States,Florida,Jacksonville,FL
626,64.41.137.128,NA,North America,US,United States,California,Mountain View,CA
627,54.95.148.24,AS,Asia,JP,Japan,Tokyo,Tokyo,
628,72.34.43.224,NA,North America,US,United States,California,Los Angeles (Chatsworth),CA
629,81.177.143.33,EU,Europe,RU,Russia,Moscow,Moscow,
630,50.63.202.70,NA,North America,US,United States,Arizona,Scottsdale (North Scottsdale),AZ
631,108.59.11.99,NA,North America,US,United States,Virginia,Manassas,VA
632,104.17.156.30,NA,North America,US,United States,Illinois,Chicago,IL
633,65.99.252.228,NA,North America,US,United States,Louisiana,Lockport,LA
634,81.169.145.149,EU,Europe,DE,Germany,Berlin,Berlin (Charlottenburg-Wilmersdorf),
635,211.202.3.97,AS,Asia,KR,South Korea,Seoul,Seoul (Hoehyeon-dong),
636,151.80.23.63,EU,Europe,FR,France,Hauts-de-France,Roubaix,
637,82.94.246.8,EU,Europe,NL,Netherlands,North Holland,Amsterdam (Oostelijke Eilanden en Kadijken),
638,104.24.117.82,NA,North America,US,United States,Illinois,Chicago,IL
639,202.182.100.202,AS,Asia,JP,Japan,Nagano,Nagano,
640,35.229.53.32,NA,North America,US,United States,New Jersey,Newark,NJ
641,43.227.216.7,AS,Asia,CN,China,Beijing,Beijing,
642,138.59.32.72,SA,South America,BR,Brazil,São Paulo,Tupã,
643,148.72.14.211,NA,North America,US,United States,Arizona,Scottsdale (North Scottsdale),AZ
644,5.101.152.218,EU,Europe,RU,Russia,St.-Petersburg,St Petersburg,
645,79.172.204.177,EU,Europe,HU,Hungary,Budapest,Budapest (District XIII.),
646,173.236.224.19,NA,North America,US,United States,California,Brea,CA
647,64.20.39.19,NA,North America,US,United States,California,San Francisco (Financial District),CA
648,129.121.23.160,NA,North America,US,United States,Massachusetts,Burlington,MA
649,46.252.196.1,EU,Europe,NL,Netherlands,North Holland,Amsterdam (Amsterdam-Zuidoost),
650,192.185.20.36,NA,North America,US,United States,Massachusetts,Burlington,MA
651,61.19.246.214,AS,Asia,TH,Thailand,Bangkok,Bangkok,
652,89.221.250.37,EU,Europe,SE,Sweden,Skåne,Helsingborg,
653,125.212.216.25,AS,Asia,VN,Vietnam,Ho Chi Minh,Ho Chi Minh City,
654,107.189.162.104,NA,North America,US,United States,Arizona,Phoenix (Southbank),AZ
655,178.210.172.45,AS,Asia,TR,Turkey,Istanbul,Skutari,
656,202.177.37.185,AS,Asia,JP,Japan,Hokkaido,Sapporo,
657,185.9.147.250,EU,Europe,RU,Russia,Leningradskaya Oblast',Shcheglovo,
658,89.144.9.131,EU,Europe,DE,Germany,Hesse,Bad Soden am Taunus (Altenhain),
659,104.206.96.19,NA,North America,US,United States,Texas,Dallas,TX
660,162.241.24.227,NA,North America,US,United States,Utah,Provo (East Bay),UT
661,18.196.59.67,EU,Europe,DE,Germany,Hesse,Frankfurt am Main,
662,69.163.228.219,NA,North America,US,United States,California,Brea,CA
663,162.243.232.111,NA,North America,US,United States,New York,New York,NY
664,68.66.224.28,NA,North America,US,United States,Ohio,Cleveland,OH
665,160.119.100.63,AF,Africa,ZA,South Africa,Western Cape,Cape Town (Milnerton Rural),
666,185.179.26.181,AS,Asia,TR,Turkey,İzmir,Bayraklı,
667,85.159.66.220,AS,Asia,TR,Turkey,Istanbul,Istanbul,
668,45.60.22.20,NA,North America,US,United States,Illinois,Chicago,IL
669,210.211.111.86,AS,Asia,VN,Vietnam,Hanoi,Hanoi,
670,82.220.37.30,EU,Europe,CH,Switzerland,Zurich,Wädenswil,
671,87.229.45.35,EU,Europe,HU,Hungary,Budapest,Budapest (District XIII.),
672,82.193.33.204,EU,Europe,IT,Italy,Friuli Venezia Giulia,Pasian di Prato,
673,195.210.46.99,AS,Asia,KZ,Kazakhstan,Almaty,Almaty (Zhetysu District),
674,115.84.224.89,AS,Asia,PH,Philippines,National Capital Region,Makati City,
675,46.182.5.20,EU,Europe,FR,France,Centre-Val de Loire,Saint-Amand-Montrond,
676,148.66.138.171,AS,Asia,SG,Singapore,,Singapore (Pioneer),
677,36.83.234.238,AS,Asia,ID,Indonesia,Jakarta,Jakarta,
678,103.123.151.74,AS,Asia,ID,Indonesia,Jakarta,Jakarta,
679,210.245.90.206,AS,Asia,VN,Vietnam,Hanoi,Hanoi,
680,45.252.249.12,AS,Asia,VN,Vietnam,Ho Chi Minh,Thạnh Mỹ Lợi,
681,185.42.104.166,EU,Europe,ES,Spain,Catalonia,Malgrat de Mar,
682,184.168.56.1,NA,North America,US,United States,Arizona,Scottsdale (North Scottsdale),AZ
683,202.0.147.137,AS,Asia,PH,Philippines,National Capital Region,Quezon City (Bagumbayan),
684,43.229.85.230,AS,Asia,SG,Singapore,,Singapore (Paya Lebar),
685,80.231.126.186,EU,Europe,ES,Spain,Madrid,Madrid,
686,185.68.16.115,EU,Europe,UA,Ukraine,Zaporizhia,Zaporizhia,
687,200.98.245.60,SA,South America,BR,Brazil,São Paulo,São Paulo,
688,51.68.215.107,EU,Europe,GB,United Kingdom,England,Purfleet,
689,31.31.196.197,EU,Europe,RU,Russia,Moscow,Moscow (North-Western Administrative Okrug),
690,198.71.233.179,NA,North America,US,United States,Arizona,Scottsdale (North Scottsdale),AZ
691,172.105.174.17,OC,Oceania,AU,Australia,New South Wales,Sydney,NSW
692,177.185.192.128,SA,South America,BR,Brazil,Rio Grande do Sul,Porto Alegre,
693,45.56.100.50,NA,North America,US,United States,New Jersey,Newark,NJ
694,68.66.224.27,NA,North America,US,United States,Ohio,Cleveland,OH
695,109.74.4.50,EU,Europe,SE,Sweden,Stockholm,Stockholm,
696,192.198.90.194,NA,North America,US,United States,North Carolina,Lenoir,NC
697,95.101.72.216,EU,Europe,DE,Germany,Hesse,Frankfurt am Main,
698,37.97.191.250,EU,Europe,NL,Netherlands,North Holland,Amsterdam,
699,81.169.145.67,EU,Europe,DE,Germany,Berlin,Berlin (Charlottenburg-Wilmersdorf),
700,46.30.213.223,EU,Europe,DK,Denmark,Capital Region,Copenhagen,
701,220.194.223.87,AS,Asia,CN,China,Beijing,Beijing,
702,111.92.189.46,AS,Asia,KR,South Korea,Gyeonggi-do,Seongnam-si (Seongnam-daero 2(i)beon-gil),
703,81.177.33.245,EU,Europe,RU,Russia,Moscow,Moscow (Tsentralnyy administrativnyy okrug),
704,58.215.65.70,AS,Asia,CN,China,Jiangsu,Qinnan,
705,191.6.204.227,SA,South America,BR,Brazil,Rio Grande do Sul,Porto Alegre,
706,80.66.177.126,AS,Asia,IR,Iran,Tehrān,Tehran (Tehran University),
707,212.1.210.50,NA,North America,US,United States,District of Columbia,Washington D.C.,DC
708,104.24.102.188,NA,North America,US,United States,Illinois,Chicago,IL
709,69.163.215.170,NA,North America,US,United States,California,Brea,CA
710,217.160.0.209,EU,Europe,DE,Germany,Mecklenburg-Vorpommern,Neubrandenburg,
711,46.4.119.57,EU,Europe,DE,Germany,Saxony,Falkenstein,
712,79.96.219.8,EU,Europe,PL,Poland,West Pomerania,Szczecin,
713,217.160.0.108,EU,Europe,DE,Germany,Mecklenburg-Vorpommern,Neubrandenburg,
714,31.31.196.247,EU,Europe,RU,Russia,Moscow,Moscow (North-Western Administrative Okrug),
715,103.27.200.66,AS,Asia,TH,Thailand,Trang,Trang,
716,195.20.50.61,EU,Europe,NL,Netherlands,North Holland,Amsterdam (Centrum),
717,94.232.62.58,EU,Europe,RU,Russia,Chuvashia,Cheboksary,
718,87.236.16.196,EU,Europe,RU,Russia,St.-Petersburg,St Petersburg,
719,79.133.175.178,EU,Europe,RU,Russia,Moscow,Moscow,
720,103.236.151.102,AS,Asia,SG,Singapore,,Singapore,
721,212.109.199.116,EU,Europe,RU,Russia,Irkutsk Oblast,Irkutsk,
722,73.34.24.247,NA,North America,US,United States,Colorado,Colorado Springs,CO
723,104.31.68.32,NA,North America,US,United States,Illinois,Chicago,IL
724,200.29.0.28,SA,South America,CL,Chile,Santiago Metropolitan,Las Condes,
725,141.138.136.245,EU,Europe,NL,Netherlands,North Holland,Amsterdam,
726,54.154.145.244,EU,Europe,IE,Ireland,Leinster,Dublin,
727,212.47.208.143,EU,Europe,EE,Estonia,Pärnumaa,Pärnu,
728,194.135.87.138,EU,Europe,LT,Lithuania,Vilnius,Vilnius,
729,145.14.145.152,NA,North America,US,United States,North Carolina,Charlotte,NC
730,128.65.195.172,EU,Europe,CH,Switzerland,Geneva,Geneva (Centre-Plainpalais-Acacias),
731,67.212.64.134,NA,North America,CA,Canada,Quebec,Mount Royal,QC
732,177.185.192.133,SA,South America,BR,Brazil,Rio Grande do Sul,Porto Alegre,
733,79.96.237.8,EU,Europe,PL,Poland,West Pomerania,Szczecin,
734,107.180.21.55,NA,North America,US,United States,Arizona,Scottsdale (North Scottsdale),AZ
735,96.127.175.18,NA,North America,US,United States,Illinois,Chicago (Loop),IL
736,116.206.105.111,AS,Asia,IN,India,Maharashtra,Mumbai,
737,208.91.198.96,NA,North America,US,United States,New Jersey,Newark,NJ
738,122.226.188.6,AS,Asia,CN,China,Zhejiang,Taizhou (Haimen),
739,96.77.84.92,NA,North America,US,United States,Georgia,Atlanta,GA
740,209.97.207.176,NA,North America,CA,Canada,Ontario,Markham (Thornhill),ON
741,185.69.148.117,EU,Europe,SI,Slovenia,Jesenice,Jesenice,
742,52.22.8.170,NA,North America,US,United States,Virginia,Ashburn,VA
743,91.234.194.113,EU,Europe,FR,France,Grand Est,Golbey,
744,192.124.249.105,NA,North America,US,United States,California,Menifee,CA
745,35.190.138.1,NA,North America,US,United States,Virginia,Ashburn,VA
746,64.91.243.20,NA,North America,US,United States,Michigan,Lansing,MI
747,185.51.8.148,EU,Europe,AT,Austria,Vienna,Vienna (Favoriten),
748,173.194.76.132,NA,North America,US,United States,Virginia,Ashburn,VA
749,69.10.44.206,NA,North America,US,United States,New Jersey,Secaucus,NJ
750,185.244.146.115,AS,Asia,TR,Turkey,Bursa,Bursa,
751,198.154.205.110,NA,North America,US,United States,Massachusetts,Burlington,MA
752,97.79.238.65,NA,North America,US,United States,Texas,Schertz (Northeast Side),TX
753,51.75.233.69,EU,Europe,ES,Spain,Galicia,Lugo,
754,193.189.74.68,EU,Europe,GB,United Kingdom,England,Stretford,
755,45.77.252.247,AS,Asia,SG,Singapore,,Singapore (Queenstown Estate),
756,193.42.111.48,EU,Europe,NL,Netherlands,North Holland,Amsterdam,
757,217.160.176.131,EU,Europe,DE,Germany,North Rhine-Westphalia,Bonn,
758,216.172.172.168,NA,North America,US,United States,Massachusetts,Burlington,MA
759,72.52.179.174,NA,North America,US,United States,Illinois,Chicago,IL
760,94.199.200.43,AS,Asia,TR,Turkey,Kocaeli,Köseköy,
761,45.60.98.225,NA,North America,US,United States,California,Redwood City (Redwood Shores),CA
762,84.52.86.155,EU,Europe,RU,Russia,St.-Petersburg,Vasyl'evsky Ostrov,
763,157.7.188.128,AS,Asia,JP,Japan,Tokyo,Shibuya (Sakuragaokachō),
764,159.69.209.99,EU,Europe,DE,Germany,Bavaria,Nuremberg,
765,103.120.177.35,AS,Asia,IN,India,Tamil Nadu,Nagercoil (Puthukudierupu),
766,165.227.166.144,EU,Europe,DE,Germany,Hesse,Frankfurt am Main,
767,186.202.153.158,SA,South America,BR,Brazil,Amazonas,Itacoatiara,
768,139.59.59.164,AS,Asia,IN,India,Karnataka,Bengaluru,
769,192.124.249.19,NA,North America,US,United States,California,Menifee,CA
770,93.90.146.108,EU,Europe,SE,Sweden,Stockholm,Stockholm,
771,201.144.176.19,NA,North America,MX,Mexico,Mexico City,Mexico City (Centro),
772,193.112.59.243,AS,Asia,CN,China,Beijing,Haidian (Haidian Qu),
773,145.14.144.137,NA,North America,US,United States,North Carolina,Charlotte,NC
774,209.242.233.6,NA,North America,US,United States,Wisconsin,Hartland,WI
775,81.177.140.11,EU,Europe,RU,Russia,Ryazan Oblast,Ryazan,
776,52.217.32.156,NA,North America,US,United States,Virginia,Ashburn,VA
777,195.210.46.27,AS,Asia,KZ,Kazakhstan,Almaty,Almaty (Zhetysu District),
778,46.30.215.239,EU,Europe,DK,Denmark,Capital Region,Copenhagen,
779,103.6.198.22,AS,Asia,MY,Malaysia,Kuala Lumpur,Kuala Lumpur (Bukit Ceylon),
780,167.71.35.91,EU,Europe,DE,Germany,Hesse,Frankfurt am Main,
781,103.58.148.233,AS,Asia,TH,Thailand,Bangkok,Pathum Wan (Khwaeng Wang Mai),
782,185.160.124.171,EU,Europe,CH,Switzerland,Geneva,Geneva,
783,83.137.145.97,EU,Europe,NL,Netherlands,Groningen,Groningen (Schilders- en Zeeheldenwijk),
784,52.95.145.31,NA,North America,CA,Canada,Ontario,Toronto,ON
785,104.238.220.13,NA,North America,US,United States,California,Los Angeles,CA
786,87.236.16.90,EU,Europe,RU,Russia,St.-Petersburg,St Petersburg,
787,185.119.173.6,EU,Europe,GB,United Kingdom,England,Slough,
788,188.121.41.116,EU,Europe,NL,Netherlands,North Holland,Amsterdam (Amsterdam-Zuidoost),
789,162.210.102.38,NA,North America,US,United States,Illinois,Chicago,IL
790,104.24.113.12,NA,North America,US,United States,Illinois,Chicago,IL
791,74.125.206.128,NA,North America,US,United States,Virginia,Ashburn,VA
792,66.42.58.139,NA,North America,US,United States,New York,New York,NY
793,185.37.228.160,EU,Europe,ES,Spain,Madrid,Madrid,
794,47.89.52.91,AS,Asia,CN,China,Beijing,Beijing,
795,176.31.124.91,EU,Europe,FR,France,Hauts-de-France,Roubaix,
796,203.124.116.1,AS,Asia,SG,Singapore,,Singapore (Pioneer),
797,187.17.111.47,SA,South America,BR,Brazil,São Paulo,São Paulo,
798,104.31.94.56,NA,North America,US,United States,Illinois,Chicago,IL
799,81.18.172.140,EU,Europe,NL,Netherlands,South Holland,Poortugaal,
800,95.170.70.49,EU,Europe,NL,Netherlands,North Holland,Amsterdam,
801,64.233.184.121,NA,North America,US,United States,Virginia,Ashburn,VA
802,188.209.52.135,EU,Europe,NL,Netherlands,North Holland,Amsterdam,
803,31.31.196.97,EU,Europe,RU,Russia,Moscow,Moscow (North-Western Administrative Okrug),
804,164.52.146.16,NA,North America,US,United States,Montana,Miles City,MT
805,23.225.126.242,NA,North America,US,United States,California,Los Angeles (Downtown),CA
806,23.229.179.227,NA,North America,US,United States,Arizona,Scottsdale (North Scottsdale),AZ
807,46.4.105.43,EU,Europe,DE,Germany,Bavaria,Falkenstein,
808,46.242.239.199,EU,Europe,PL,Poland,Mazovia,Warsaw,
809,173.236.226.171,NA,North America,US,United States,California,Brea,CA
810,177.185.192.138,SA,South America,BR,Brazil,Rio Grande do Sul,Porto Alegre,
811,166.62.80.41,NA,North America,US,United States,Arizona,Scottsdale (North Scottsdale),AZ
812,184.168.221.58,NA,North America,US,United States,Arizona,Scottsdale (North Scottsdale),AZ
813,173.193.126.139,NA,North America,US,United States,Texas,Dallas (Park Cities),TX
814,104.27.168.148,NA,North America,US,United States,Illinois,Chicago,IL
815,208.113.221.63,NA,North America,US,United States,California,Brea,CA
816,37.59.47.123,EU,Europe,FR,France,Hauts-de-France,Roubaix,
817,192.186.53.131,NA,North America,US,United States,California,Los Angeles,CA
818,47.90.201.175,NA,North America,US,United States,Virginia,Ashburn,VA
819,81.19.145.40,EU,Europe,AT,Austria,Upper Austria,Linz (Lustenau),
820,208.97.150.86,NA,North America,US,United States,California,Brea,CA
821,120.96.184.18,AS,Asia,TW,Taiwan,Taiwan,Fenjihu,
822,132.148.17.198,NA,North America,US,United States,Arizona,Scottsdale (North Scottsdale),AZ
823,75.119.201.197,NA,North America,US,United States,California,Brea,CA
824,145.14.144.173,NA,North America,US,United States,North Carolina,Charlotte,NC
825,23.229.206.201,NA,North America,US,United States,Arizona,Scottsdale (North Scottsdale),AZ
826,132.148.224.226,NA,North America,US,United States,Arizona,Scottsdale (North Scottsdale),AZ
827,195.208.1.136,EU,Europe,RU,Russia,Moscow,Moscow,
828,52.216.144.227,NA,North America,US,United States,Virginia,Ashburn,VA
829,68.171.211.178,NA,North America,US,United States,Michigan,Southfield,MI
830,91.148.168.34,EU,Europe,BG,Bulgaria,Sofia-grad,Sofia,
831,188.165.192.162,EU,Europe,FR,France,Hauts-de-France,Roubaix,
832,185.8.128.203,AS,Asia,TR,Turkey,İzmir,Izmir,
833,50.63.202.63,NA,North America,US,United States,Arizona,Scottsdale (North Scottsdale),AZ
834,104.27.176.125,NA,North America,US,United States,Illinois,Chicago,IL
835,79.170.44.203,EU,Europe,GB,United Kingdom,England,Nottingham,
836,107.180.51.240,NA,North America,US,United States,Arizona,Scottsdale (North Scottsdale),AZ
837,79.98.24.3,EU,Europe,LT,Lithuania,Vilnius,Vilnius,
838,5.180.47.57,AS,Asia,TR,Turkey,Bursa,Bursa,
839,112.121.152.99,AS,Asia,TH,Thailand,Bangkok,Huai Khwang (Khwaeng Huai Khwang),
840,86.109.170.64,EU,Europe,ES,Spain,Valencia,Paterna,
841,77.235.53.72,EU,Europe,NL,Netherlands,North Holland,Amsterdam,
842,67.227.226.240,NA,North America,US,United States,Michigan,Lansing,MI
843,104.26.13.60,NA,North America,US,United States,Illinois,Chicago,IL
844,107.189.160.195,NA,North America,US,United States,Arizona,Phoenix (Southbank),AZ
845,49.212.154.34,AS,Asia,JP,Japan,Ōsaka,Kita-ku,
846,217.160.0.122,EU,Europe,DE,Germany,Mecklenburg-Vorpommern,Neubrandenburg,
847,94.73.147.169,AS,Asia,TR,Turkey,Istanbul,Istanbul,
848,107.22.173.205,NA,North America,US,United States,Virginia,Ashburn,VA
849,167.71.48.154,EU,Europe,DE,Germany,Hesse,Frankfurt am Main,
850,50.62.160.219,NA,North America,US,United States,Arizona,Scottsdale (North Scottsdale),AZ
851,46.21.170.8,EU,Europe,NL,Netherlands,South Holland,Zoetermeer,
852,213.158.187.41,AF,Africa,EG,Egypt,Cairo,Cairo,
853,192.99.172.136,NA,North America,CA,Canada,Quebec,Montreal (Ville-Marie),QC
854,31.210.74.53,AS,Asia,TR,Turkey,Istanbul,Istanbul,
855,13.224.132.121,EU,Europe,GB,United Kingdom,England,London,
856,192.185.31.186,NA,North America,US,United States,Massachusetts,Burlington,MA
857,185.201.9.199,AS,Asia,SG,Singapore,,Singapore,
858,203.162.31.112,AS,Asia,VN,Vietnam,Ho Chi Minh,Ho Chi Minh City,
859,89.218.86.226,AS,Asia,KZ,Kazakhstan,Nur-Sultan,Nur-Sultan,
860,45.33.59.15,NA,North America,US,United States,California,Los Angeles,CA
861,148.72.69.80,NA,North America,US,United States,Arizona,Scottsdale (North Scottsdale),AZ
862,184.168.221.50,NA,North America,US,United States,Arizona,Scottsdale (North Scottsdale),AZ
863,37.48.65.155,EU,Europe,NL,Netherlands,North Holland,Amsterdam (Nieuwmarkt en Lastage),
864,185.212.128.231,EU,Europe,NL,Netherlands,North Holland,Amsterdam,
865,164.52.146.18,NA,North America,US,United States,Montana,Miles City,MT
866,5.254.19.111,EU,Europe,DE,Germany,Hesse,Frankfurt am Main,
867,103.31.249.48,AS,Asia,ID,Indonesia,West Java,Harapanjaya,
868,195.20.52.71,EU,Europe,NL,Netherlands,North Holland,Amsterdam (Centrum),
869,77.222.56.187,EU,Europe,RU,Russia,St.-Petersburg,St Petersburg,
870,216.170.116.103,NA,North America,US,United States,New York,Buffalo,NY
871,108.167.161.247,NA,North America,US,United States,Texas,Houston (Westview),TX
872,107.180.40.54,NA,North America,US,United States,Arizona,Scottsdale (North Scottsdale),AZ
873,208.91.199.100,NA,North America,US,United States,Massachusetts,Burlington,MA
874,190.210.186.150,SA,South America,AR,Argentina,Buenos Aires F.D.,Recoleta,
875,162.255.118.65,NA,North America,US,United States,New Jersey,Newark,NJ
876,170.82.173.10,SA,South America,BR,Brazil,São Paulo,São Paulo,
877,216.55.143.75,NA,North America,US,United States,Kansas,Overland Park (Bel-air Heights),KS
878,35.208.15.95,NA,North America,US,United States,Illinois,Chicago,IL
879,103.253.212.59,AS,Asia,ID,Indonesia,Jakarta,Jakarta,
880,62.149.142.177,EU,Europe,IT,Italy,Tuscany,Arezzo,
881,77.92.79.1,EU,Europe,GB,United Kingdom,England,London,
882,104.27.132.11,NA,North America,US,United States,Illinois,Chicago,IL
883,67.222.15.120,NA,North America,US,United States,Washington,Seattle (South Lake Union),WA
884,80.90.43.162,EU,Europe,LU,Luxembourg,Luxembourg,Luxembourg,
885,88.208.252.159,EU,Europe,GB,United Kingdom,England,Gloucester (The Docks),
886,37.230.114.108,EU,Europe,RU,Russia,Irkutsk Oblast,Irkutsk,
887,143.95.69.195,NA,North America,US,United States,Massachusetts,Burlington,MA
888,63.247.140.170,NA,North America,US,United States,Florida,Jacksonville,FL
889,142.93.186.232,NA,North America,US,United States,New Jersey,Clifton,NJ
890,100.24.208.97,NA,North America,US,United States,Virginia,Ashburn,VA
891,52.217.43.126,NA,North America,US,United States,Virginia,Ashburn,VA
892,81.91.84.73,EU,Europe,CZ,Czechia,Jihočeský kraj,Jindřichův Hradec (Jindřichův Hradec II),
893,107.180.48.111,NA,North America,US,United States,Arizona,Scottsdale (North Scottsdale),AZ
894,103.91.65.133,AS,Asia,MY,Malaysia,Kuala Lumpur,Kuala Lumpur (Bukit Bintang),
895,108.174.144.12,NA,North America,US,United States,Massachusetts,Burlington,MA
896,190.8.176.186,SA,South America,CO,Colombia,Valle del Cauca,Santiago de Cali,
897,124.158.4.212,AS,Asia,VN,Vietnam,Hanoi,Hanoi,
898,89.38.241.107,EU,Europe,RO,Romania,Bucureşti,Bucharest (Sector 2),
899,198.71.233.51,NA,North America,US,United States,Arizona,Scottsdale (North Scottsdale),AZ
900,75.98.175.97,NA,North America,US,United States,Michigan,Detroit,MI
901,192.185.117.254,NA,North America,US,United States,Massachusetts,Burlington,MA
902,98.129.229.93,NA,North America,US,United States,Michigan,Lansing,MI
903,145.239.6.167,EU,Europe,GB,United Kingdom,England,London,
904,184.168.221.46,NA,North America,US,United States,Arizona,Scottsdale (North Scottsdale),AZ
905,139.99.123.94,AS,Asia,SG,Singapore,,Singapore (Downtown Core),
906,54.251.151.86,AS,Asia,SG,Singapore,,Singapore,
907,77.245.159.4,AS,Asia,TR,Turkey,Istanbul,Kurtköy,
908,162.159.134.233,NA,North America,US,United States,Illinois,Chicago,IL
909,209.99.16.168,NA,North America,US,United States,Texas,Austin,TX
910,104.24.115.54,NA,North America,US,United States,Illinois,Chicago,IL
911,104.164.231.119,NA,North America,US,United States,California,San Jose (Downtown San Jose),CA
912,87.98.231.87,EU,Europe,ES,Spain,Madrid,Madrid,
913,23.95.50.105,NA,North America,US,United States,California,Los Angeles (Downtown),CA
914,207.180.215.129,EU,Europe,DE,Germany,Bavaria,Munich (Ramersdorf-Perlach),
915,199.79.62.243,NA,North America,US,United States,Massachusetts,Burlington,MA
916,50.63.202.36,NA,North America,US,United States,Arizona,Scottsdale (North Scottsdale),AZ
917,134.209.103.211,AS,Asia,SG,Singapore,,Singapore (Pioneer),
918,81.2.195.254,EU,Europe,CZ,Czechia,Jihočeský kraj,Ktiš,
919,199.79.62.20,NA,North America,US,United States,Massachusetts,Burlington,MA
920,149.210.195.103,EU,Europe,NL,Netherlands,North Holland,Amsterdam,
921,75.119.203.102,NA,North America,US,United States,California,Brea,CA
922,162.125.65.1,EU,Europe,NL,Netherlands,North Holland,Amsterdam,
923,198.252.107.174,NA,North America,CA,Canada,Ontario,Fergus,ON
924,37.48.65.152,EU,Europe,NL,Netherlands,North Holland,Amsterdam (Nieuwmarkt en Lastage),
925,5.101.159.26,EU,Europe,RU,Russia,St.-Petersburg,St Petersburg,
926,198.50.180.210,SA,South America,CL,Chile,Biobío,Concepción,
927,104.27.158.41,NA,North America,US,United States,Illinois,Chicago,IL
928,104.18.56.242,NA,North America,US,United States,Illinois,Chicago,IL
929,221.122.121.140,AS,Asia,CN,China,Beijing,Beijing,
930,185.162.124.120,AS,Asia,IL,Israel,Tel Aviv,Tel Aviv,
931,35.196.135.156,NA,North America,US,United States,Virginia,Ashburn,VA
932,192.81.132.172,NA,North America,US,United States,California,Los Angeles,CA
933,77.222.63.27,EU,Europe,RU,Russia,St.-Petersburg,St Petersburg,
934,163.172.216.236,EU,Europe,NL,Netherlands,North Holland,Amsterdam,
935,167.179.73.105,NA,North America,US,United States,Illinois,Chicago,IL
936,209.134.27.11,NA,North America,US,United States,California,Los Angeles (Downtown),CA
937,177.185.192.122,SA,South America,BR,Brazil,Rio Grande do Sul,Porto Alegre,
938,65.75.134.62,NA,North America,US,United States,Massachusetts,Burlington,MA
939,37.59.86.28,EU,Europe,PL,Poland,Mazovia,Warsaw,
940,109.232.218.30,AS,Asia,TR,Turkey,Istanbul,Istanbul,
941,52.217.45.172,NA,North America,US,United States,Virginia,Ashburn,VA
942,104.31.83.23,NA,North America,US,United States,Illinois,Chicago,IL
943,45.76.125.126,OC,Oceania,AU,Australia,New South Wales,Alexandria,NSW
944,5.101.181.35,EU,Europe,EE,Estonia,Ida-Virumaa,Narva,
945,103.27.236.143,AS,Asia,VN,Vietnam,Ho Chi Minh,Bình An,
946,45.194.250.213,AS,Asia,HK,Hong Kong,Tsuen Wan,Tsuen Wan,
947,173.254.250.2,NA,North America,US,United States,Texas,Dallas,TX
948,81.171.12.45,EU,Europe,NL,Netherlands,North Holland,Amsterdam (Nieuwmarkt en Lastage),
949,103.254.12.54,AS,Asia,VN,Vietnam,Ho Chi Minh,Ho Chi Minh City,
950,46.30.215.243,EU,Europe,DK,Denmark,Capital Region,Copenhagen,
951,206.217.193.164,NA,North America,US,United States,District of Columbia,Washington D.C.,DC
952,104.253.229.73,NA,North America,US,United States,New Jersey,Newark,NJ
953,103.127.41.92,OC,Oceania,AU,Australia,New South Wales,Prospect,NSW
954,186.202.153.63,SA,South America,BR,Brazil,Amazonas,Itacoatiara,
955,146.88.234.128,EU,Europe,FR,France,Île-de-France,Paris,
956,185.179.26.127,AS,Asia,TR,Turkey,İzmir,Bayraklı,
957,104.131.81.97,NA,North America,US,United States,New Jersey,Clifton,NJ
958,43.255.154.31,AS,Asia,SG,Singapore,,Singapore (Pioneer),
959,91.238.163.174,EU,Europe,GB,United Kingdom,England,London,
960,81.177.6.233,EU,Europe,RU,Russia,Ryazan Oblast,Ryazan,
961,107.154.147.178,NA,North America,US,United States,Illinois,Chicago,IL
962,185.86.77.55,EU,Europe,UA,Ukraine,Khmelnytskyi,Khmelnytskyi,
963,45.64.99.131,AS,Asia,ID,Indonesia,Jakarta,Jakarta,
964,79.175.145.55,AS,Asia,IR,Iran,Tehrān,Tehran,
965,69.90.160.76,NA,North America,CA,Canada,Ontario,Oakville,ON
966,212.58.3.66,AS,Asia,TR,Turkey,Istanbul,Istanbul,
967,173.208.229.243,NA,North America,US,United States,Missouri,Kansas City (Crossroads Arts District),MO
968,54.180.176.33,AS,Asia,KR,South Korea,Seoul,Seoul,
969,177.12.164.110,SA,South America,BR,Brazil,Rio Grande do Sul,Porto Alegre,
970,45.195.169.226,AS,Asia,HK,Hong Kong,Tsuen Wan,Tsuen Wan,
971,13.32.169.92,EU,Europe,GB,United Kingdom,England,London,
972,184.168.221.56,NA,North America,US,United States,Arizona,Scottsdale (North Scottsdale),AZ
973,66.45.237.67,NA,North America,US,United States,New Jersey,Secaucus,NJ
974,81.16.28.109,EU,Europe,NL,Netherlands,North Holland,Amsterdam,
975,166.62.80.52,NA,North America,US,United States,Arizona,Scottsdale (North Scottsdale),AZ
976,51.178.5.240,EU,Europe,FR,France,Île-de-France,Paris,
977,192.227.171.66,NA,North America,US,United States,New York,Williamsville,NY
978,93.174.121.194,EU,Europe,GR,Greece,Attica,Athens,
979,92.53.96.131,EU,Europe,RU,Russia,St.-Petersburg,St Petersburg,
980,50.63.202.64,NA,North America,US,United States,Arizona,Scottsdale (North Scottsdale),AZ
981,192.185.71.147,NA,North America,US,United States,Massachusetts,Burlington,MA
982,207.55.240.15,NA,North America,US,United States,Illinois,Chicago,IL
983,41.203.18.38,AF,Africa,ZA,South Africa,Western Cape,Cape Town (Rosenpark),
984,138.197.128.108,NA,North America,CA,Canada,Ontario,Toronto (Old Toronto),ON
985,192.254.74.142,NA,North America,US,United States,Arizona,Glendale (Arrowhead Ranch),AZ
986,166.62.27.171,AS,Asia,SG,Singapore,,Singapore,
987,3.105.103.30,OC,Oceania,AU,Australia,New South Wales,Sydney,NSW
988,64.32.6.209,NA,North America,US,United States,New York,New York,NY
989,103.3.46.92,AS,Asia,ID,Indonesia,Lampung,Kedaton,
990,177.85.101.47,SA,South America,BR,Brazil,Rio de Janeiro,Rio de Janeiro,
991,216.59.123.106,NA,North America,US,United States,Virginia,Arlington (Crystal Spring Knolls),VA
992,198.54.120.245,NA,North America,US,United States,New Jersey,Newark,NJ
993,119.59.97.141,AS,Asia,TH,Thailand,Bangkok,Samphanthawong (Khwaeng Bang Rak),
994,199.119.203.100,NA,North America,US,United States,California,Los Angeles (Downtown),CA
995,123.206.50.182,NA,North America,US,United States,California,San Jose,CA
996,14.63.164.88,AS,Asia,KR,South Korea,Gyeonggi-do,Seongnam-si (Buljeong-ro),
997,139.99.138.248,AS,Asia,LK,Sri Lanka,Western,Boralesgamuwa South,
998,66.45.245.146,NA,North America,US,United States,New Jersey,Secaucus,NJ
999,194.135.87.52,EU,Europe,LT,Lithuania,Vilnius,Vilnius,
