,ipAddress,continentCode,continentName,countryCode,countryName,stateProvCode,stateProv,city,errorCode,error
0,184.168.221.49,NA,North America,US,United States,AZ,Arizona,Scottsdale (North Scottsdale),,
1,128.14.28.36,NA,North America,US,United States,CA,California,Diamond Bar,,
2,74.125.71.101,NA,North America,US,United States,VA,Virginia,Ashburn,,
3,192.186.213.104,NA,North America,US,United States,AZ,Arizona,Scottsdale (North Scottsdale),,
4,104.27.153.233,NA,North America,US,United States,IL,Illinois,Chicago,,
5,89.38.151.148,EU,Europe,FR,France,,Île-de-France,Saint-Denis,,
6,64.91.243.20,NA,North America,US,United States,MI,Michigan,Lansing,,
7,45.119.212.158,AS,Asia,VN,Vietnam,,Hanoi,Dich Vong Trung,,
8,195.20.49.1,EU,Europe,NL,Netherlands,,North Holland,Amsterdam (Centrum),,
9,69.160.38.3,NA,North America,US,United States,AZ,Arizona,Tempe,,
10,148.66.137.26,AS,Asia,SG,Singapore,,,Singapore (Pioneer),,
11,89.47.53.12,EU,Europe,RO,Romania,,Covasna,Sfântu Gheorghe,,
12,104.168.166.107,NA,North America,US,United States,WA,Washington,Seattle,,
13,104.18.54.131,NA,North America,US,United States,IL,Illinois,Chicago,,
14,199.79.62.243,NA,North America,US,United States,MA,Massachusetts,Burlington,,
15,150.95.111.170,AS,Asia,VN,Vietnam,,Hanoi,Hanoi,,
16,103.31.249.48,AS,Asia,ID,Indonesia,,West Java,Harapanjaya,,
17,185.122.13.32,AS,Asia,TR,Turkey,,Kocaeli,Gebze,,
18,52.219.74.191,EU,Europe,DE,Germany,,Hesse,Frankfurt am Main,,
19,152.92.1.225,SA,South America,BR,Brazil,,Rio de Janeiro,Maracanã,,
20,136.243.132.153,EU,Europe,DE,Germany,,Bavaria,Falkenstein,,
21,94.73.147.165,AS,Asia,TR,Turkey,,Istanbul,Istanbul,,
22,172.253.120.100,NA,North America,US,United States,VA,Virginia,Ashburn,,
23,94.46.163.106,EU,Europe,PT,Portugal,,Lisbon,Prior Velho,,
24,68.66.224.27,NA,North America,US,United States,OH,Ohio,Cleveland,,
25,123.206.50.182,NA,North America,US,United States,CA,California,San Jose,,
26,45.40.182.1,NA,North America,US,United States,AZ,Arizona,Scottsdale (North Scottsdale),,
27,202.129.16.100,AS,Asia,TH,Thailand,,Bangkok,Bangkok,,
28,162.159.135.233,NA,North America,US,United States,IL,Illinois,Chicago,,
29,162.241.42.123,NA,North America,US,United States,UT,Utah,Provo (East Bay),,
30,45.76.125.126,OC,Oceania,AU,Australia,NSW,New South Wales,Alexandria,,
31,160.153.137.99,EU,Europe,NL,Netherlands,,North Holland,Amsterdam,,
32,71.40.128.150,NA,North America,US,United States,FL,Florida,Auburndale,,
33,107.189.160.195,NA,North America,US,United States,AZ,Arizona,Phoenix (Southbank),,
34,89.38.248.60,EU,Europe,RO,Romania,,Bucureşti,Bucharest,,
35,185.133.20.36,EU,Europe,BG,Bulgaria,,Sofia-grad,Sofia,,
36,85.95.237.225,AS,Asia,TR,Turkey,,Istanbul,Istanbul,,
37,199.231.190.143,NA,North America,US,United States,NJ,New Jersey,Secaucus,,
38,192.185.168.120,NA,North America,US,United States,MA,Massachusetts,Burlington,,
39,103.229.72.134,AS,Asia,ID,Indonesia,,Jakarta,Kuningan Barat,,
40,194.113.234.169,EU,Europe,RU,Russia,,Sverdlovsk,Ekaterinburg,,
41,18.196.95.178,EU,Europe,DE,Germany,,Hesse,Frankfurt am Main,,
42,192.81.132.172,NA,North America,US,United States,CA,California,Los Angeles,,
43,104.18.42.252,NA,North America,US,United States,IL,Illinois,Chicago,,
44,78.47.232.63,EU,Europe,DE,Germany,,Saxony,Falkenstein,,
45,209.15.236.196,NA,North America,CA,Canada,ON,Ontario,Toronto,,
46,213.168.3.98,EU,Europe,EE,Estonia,,Tartu,Lohkva,,
47,139.180.175.180,OC,Oceania,AU,Australia,NSW,New South Wales,Sydney,,
48,162.220.162.40,NA,North America,US,United States,NJ,New Jersey,Teterboro,,
49,23.95.50.105,NA,North America,US,United States,CA,California,Los Angeles (Downtown),,
50,190.202.1.3,SA,South America,VE,Venezuela,,Distrito Federal,Caracas (Roca Tarpeya),,
51,185.158.165.111,EU,Europe,NL,Netherlands,,North Holland,Amsterdam,,
52,190.107.177.45,SA,South America,CL,Chile,,Santiago Metropolitan,Providencia,,
53,51.38.78.161,EU,Europe,GB,United Kingdom,,England,London,,
54,104.236.245.14,NA,North America,US,United States,NJ,New Jersey,Clifton,,
55,159.65.10.195,AS,Asia,SG,Singapore,,,Singapore (Pioneer),,
56,157.112.183.65,AS,Asia,JP,Japan,,Tokyo,Chiyoda,,
57,89.252.130.228,AS,Asia,TR,Turkey,,Denizli,Pamukkale,,
58,162.255.119.115,NA,North America,US,United States,AZ,Arizona,Phoenix (South Mountain),,
59,162.222.227.178,NA,North America,US,United States,TX,Texas,Austin (Southeast Austin),,
60,162.144.52.214,NA,North America,US,United States,UT,Utah,Provo (East Bay),,
61,69.89.27.245,NA,North America,US,United States,UT,Utah,Provo (East Bay),,
62,194.204.58.7,EU,Europe,EE,Estonia,,Harjumaa,Tallinn (Kristiine linnaosa),,
63,66.175.208.10,NA,North America,US,United States,NJ,New Jersey,Newark,,
64,185.62.137.72,EU,Europe,IS,Iceland,,Capital Region,Reykjavik,,
65,216.12.173.68,NA,North America,US,United States,CO,Colorado,Florence,,
66,195.78.66.50,EU,Europe,PL,Poland,,Mazovia,Warsaw (Targówek),,
67,96.77.84.92,NA,North America,US,United States,GA,Georgia,Atlanta,,
68,172.104.100.183,AS,Asia,JP,Japan,,Tokyo,Tokyo,,
69,160.153.137.210,EU,Europe,NL,Netherlands,,North Holland,Amsterdam,,
70,194.58.56.131,EU,Europe,RU,Russia,,Moscow,Moscow (North-Western Administrative Okrug),,
71,78.129.241.197,EU,Europe,GB,United Kingdom,,England,Gosport,,
72,50.87.253.11,NA,North America,US,United States,UT,Utah,Salt Lake City,,
73,185.42.104.171,EU,Europe,ES,Spain,,Catalonia,Malgrat de Mar,,
74,162.241.24.122,NA,North America,US,United States,UT,Utah,Provo (East Bay),,
75,69.163.228.106,NA,North America,US,United States,CA,California,Brea,,
76,198.38.83.113,NA,North America,US,United States,IL,Illinois,Chicago,,
77,107.161.87.162,NA,North America,US,United States,TX,Texas,Dallas,,
78,198.1.72.21,NA,North America,US,United States,UT,Utah,Provo (East Bay),,
79,185.151.28.153,EU,Europe,GB,United Kingdom,,England,Derby,,
80,104.27.129.151,NA,North America,US,United States,IL,Illinois,Chicago,,
81,91.216.107.152,EU,Europe,FR,France,,Grand Est,Golbey,,
82,104.28.19.53,NA,North America,US,United States,IL,Illinois,Chicago,,
83,162.241.225.150,NA,North America,US,United States,UT,Utah,Provo (East Bay),,
84,40.68.223.11,EU,Europe,NL,Netherlands,,North Holland,Amsterdam,,
85,192.95.8.194,SA,South America,BR,Brazil,,Paraná,Bacacheri,,
86,190.107.176.13,SA,South America,CL,Chile,,Santiago Metropolitan,Peñalolén,,
87,104.28.30.56,NA,North America,US,United States,IL,Illinois,Chicago,,
88,91.234.194.113,EU,Europe,FR,France,,Grand Est,Golbey,,
89,136.243.184.227,EU,Europe,DE,Germany,,Saxony,Falkenstein,,
90,89.252.155.102,AS,Asia,TR,Turkey,,Denizli,Pamukkale,,
91,174.138.73.76,NA,North America,US,United States,NJ,New Jersey,Clifton,,
92,145.14.145.158,NA,North America,US,United States,NC,North Carolina,Charlotte,,
93,31.207.33.82,EU,Europe,FR,France,,Île-de-France,Paris,,
94,94.231.103.83,EU,Europe,DK,Denmark,,Central Jutland,Skanderborg,,
95,62.149.142.106,EU,Europe,IT,Italy,,Tuscany,Arezzo,,
96,107.180.56.142,NA,North America,US,United States,AZ,Arizona,Scottsdale (North Scottsdale),,
97,185.66.41.54,EU,Europe,ES,Spain,,Catalonia,Girona,,
98,35.200.251.142,NA,North America,US,United States,VA,Virginia,Ashburn,,
99,45.56.100.50,NA,North America,US,United States,NJ,New Jersey,Newark,,
100,173.254.29.24,NA,North America,US,United States,UT,Utah,Salt Lake City,,
101,145.14.145.91,NA,North America,US,United States,NC,North Carolina,Charlotte,,
102,195.161.62.100,EU,Europe,RU,Russia,,Moscow,Moscow,,
103,187.45.193.210,SA,South America,BR,Brazil,,Amazonas,Itacoatiara,,
104,52.216.114.114,NA,North America,US,United States,VA,Virginia,Ashburn,,
105,81.177.140.11,EU,Europe,RU,Russia,,Ryazan Oblast,Ryazan,,
106,190.2.249.90,SA,South America,AR,Argentina,,Buenos Aires,González Catán,,
107,187.84.231.157,SA,South America,BR,Brazil,,Santa Catarina,Florianópolis,,
108,162.144.12.142,NA,North America,US,United States,UT,Utah,Provo (East Bay),,
109,107.154.147.3,NA,North America,US,United States,IL,Illinois,Chicago,,
110,64.111.116.149,NA,North America,US,United States,CA,California,Brea,,
111,162.208.10.85,NA,North America,US,United States,TX,Texas,Dallas,,
112,167.71.236.40,AS,Asia,IN,India,,Karnataka,Bengaluru,,
113,109.120.167.100,EU,Europe,RU,Russia,,St.-Petersburg,St Petersburg,,
114,45.252.248.20,AS,Asia,VN,Vietnam,,Ho Chi Minh,Thạnh Mỹ Lợi,,
115,191.6.198.19,SA,South America,BR,Brazil,,Rio Grande do Sul,Porto Alegre,,
116,69.89.20.57,NA,North America,US,United States,UT,Utah,Provo (East Bay),,
117,103.138.110.199,AS,Asia,VN,Vietnam,,Ho Chi Minh,Ho Chi Minh City (Phường Hai),,
118,112.78.2.47,AS,Asia,VN,Vietnam,,Ho Chi Minh,Ho Chi Minh City,,
119,184.168.56.1,NA,North America,US,United States,AZ,Arizona,Scottsdale (North Scottsdale),,
120,107.189.2.161,EU,Europe,LU,Luxembourg,,Mersch,Bissen,,
121,166.62.6.69,AS,Asia,SG,Singapore,,,Singapore,,
122,112.175.184.8,AS,Asia,KR,South Korea,,Gyeonggi-do,Seongnam-si (Buljeong-ro),,
123,45.79.48.160,NA,North America,US,United States,TX,Texas,Dallas,,
124,193.141.3.73,EU,Europe,DE,Germany,,Berlin,Berlin (Charlottenburg-Wilmersdorf),,
125,103.6.196.42,AS,Asia,MY,Malaysia,,Kuala Lumpur,Kuala Lumpur (Bukit Ceylon),,
126,94.23.151.5,EU,Europe,NL,Netherlands,,South Holland,Rotterdam (Bedrijventerrein Rotterdam Noord-West),,
127,209.97.147.48,NA,North America,US,United States,NJ,New Jersey,Clifton,,
128,162.209.227.72,NA,North America,US,United States,CA,California,Los Angeles,,
129,104.18.43.115,NA,North America,US,United States,IL,Illinois,Chicago,,
130,95.170.70.49,EU,Europe,NL,Netherlands,,North Holland,Amsterdam,,
131,104.154.144.42,NA,North America,US,United States,NJ,New Jersey,Newark,,
132,154.218.55.137,AS,Asia,HK,Hong Kong,,Tsuen Wan,Tsuen Wan,,
133,163.43.91.193,AS,Asia,JP,Japan,,Ōsaka,Kita-ku,,
134,65.60.28.98,NA,North America,US,United States,IL,Illinois,Chicago (Loop),,
135,186.202.161.167,SA,South America,BR,Brazil,,Amazonas,Itacoatiara,,
136,185.189.48.4,EU,Europe,SE,Sweden,,Dalarna,Tällberg (Leksand NV),,
137,45.194.121.98,AS,Asia,HK,Hong Kong,,Sai Kung,Hong Kong (Tseung Kwan O),,
138,89.44.138.212,EU,Europe,RO,Romania,,Bistriţa-Năsăud,Bistriţa,,
139,183.131.214.82,AS,Asia,CN,China,,Zhejiang,Shaoxing Xian (Zhuji Shi),,
140,192.124.249.170,NA,North America,US,United States,CA,California,Menifee,,
141,140.82.56.237,EU,Europe,NL,Netherlands,,North Holland,Haarlem (Haarlem-Oost),,
142,104.18.57.94,NA,North America,US,United States,IL,Illinois,Chicago,,
143,64.233.184.101,NA,North America,US,United States,VA,Virginia,Ashburn,,
144,88.218.116.79,AS,Asia,IL,Israel,,Jerusalem,Jerusalem,,
145,47.52.95.124,AS,Asia,CN,China,,Beijing,Beijing,,
146,67.20.76.238,NA,North America,US,United States,UT,Utah,Provo (East Bay),,
147,23.227.38.64,NA,North America,US,United States,IL,Illinois,Chicago,,
148,172.253.120.102,NA,North America,US,United States,VA,Virginia,Ashburn,,
149,188.166.163.0,EU,Europe,DE,Germany,,Hesse,Frankfurt am Main,,
150,163.172.102.221,EU,Europe,FR,France,,Île-de-France,Paris,,
151,59.188.3.145,AS,Asia,HK,Hong Kong,,Wan Chai,Wanchai,,
152,94.73.150.21,AS,Asia,TR,Turkey,,Istanbul,Istanbul,,
153,216.170.116.103,NA,North America,US,United States,NY,New York,Buffalo,,
154,69.49.115.40,NA,North America,US,United States,IL,Illinois,Chicago,,
155,210.188.201.17,AS,Asia,JP,Japan,,Tokyo,Chiyoda,,
156,177.185.192.147,SA,South America,BR,Brazil,,Rio Grande do Sul,Porto Alegre,,
157,104.225.218.173,NA,North America,US,United States,CA,California,Tustin,,
158,95.167.178.158,EU,Europe,RU,Russia,,Khakasiya Republic,Abakan,,
159,101.71.72.192,AS,Asia,CN,China,,Zhejiang,Jiaxing Shi (Nanhu Qu),,
160,5.101.159.26,EU,Europe,RU,Russia,,St.-Petersburg,St Petersburg,,
161,166.62.28.118,AS,Asia,SG,Singapore,,,Singapore,,
162,103.74.123.3,AS,Asia,VN,Vietnam,,Hanoi,Hanoi,,
163,208.77.101.218,NA,North America,US,United States,FL,Florida,Orlando,,
164,104.20.185.4,NA,North America,US,United States,IL,Illinois,Chicago,,
165,42.112.21.207,AS,Asia,VN,Vietnam,,Ho Chi Minh,Ho Chi Minh City,,
166,192.124.249.162,NA,North America,US,United States,CA,California,Menifee,,
167,80.237.133.139,EU,Europe,DE,Germany,,North Rhine-Westphalia,Hürth (Hermülheim),,
168,110.4.45.156,AS,Asia,MY,Malaysia,,Kuala Lumpur,Kuala Lumpur (Bukit Ceylon),,
169,192.185.171.168,NA,North America,US,United States,MA,Massachusetts,Burlington,,
170,104.238.69.231,NA,North America,US,United States,AZ,Arizona,Scottsdale (North Scottsdale),,
171,185.18.196.202,EU,Europe,ES,Spain,,Madrid,Madrid,,
172,92.53.96.173,EU,Europe,RU,Russia,,St.-Petersburg,St Petersburg,,
173,100.27.35.75,NA,North America,US,United States,VA,Virginia,Ashburn,,
174,195.228.152.79,EU,Europe,HU,Hungary,,Budapest,Budapest,,
175,213.204.51.175,EU,Europe,AX,Aland Islands,,Mariehamns stad,Mariehamn,,
176,192.34.63.180,NA,North America,US,United States,NJ,New Jersey,North Bergen,,
177,52.217.32.156,NA,North America,US,United States,VA,Virginia,Ashburn,,
178,183.181.85.106,AS,Asia,JP,Japan,,Tokyo,Chiyoda,,
179,108.179.232.246,NA,North America,US,United States,TX,Texas,Houston (Westview),,
180,162.125.65.6,EU,Europe,NL,Netherlands,,North Holland,Amsterdam,,
181,149.62.170.143,EU,Europe,ES,Spain,,Andalusia,Torre del Mar,,
182,81.169.225.9,EU,Europe,DE,Germany,,Berlin,Berlin (Charlottenburg-Wilmersdorf),,
183,192.186.242.104,NA,North America,US,United States,AZ,Arizona,Scottsdale (North Scottsdale),,
184,91.189.114.15,EU,Europe,RU,Russia,,Moscow,Moscow,,
185,173.201.144.219,NA,North America,US,United States,AZ,Arizona,Scottsdale (North Scottsdale),,
186,192.154.254.69,NA,North America,US,United States,CA,California,San Diego (La Jolla),,
187,203.26.24.80,OC,Oceania,AU,Australia,NSW,New South Wales,Sydney,,
188,166.62.28.102,AS,Asia,SG,Singapore,,,Singapore,,
189,123.31.41.35,AS,Asia,VN,Vietnam,,Hanoi,Hanoi,,
190,198.54.114.128,NA,North America,US,United States,NJ,New Jersey,Newark,,
191,166.62.28.97,AS,Asia,SG,Singapore,,,Singapore,,
192,103.18.78.66,AS,Asia,ID,Indonesia,,West Java,Cikarawang,,
193,63.247.133.104,NA,North America,US,United States,FL,Florida,Jacksonville,,
194,119.59.125.140,AS,Asia,TH,Thailand,,Bangkok,Samphanthawong (Khwaeng Bang Rak),,
195,52.86.104.23,NA,North America,US,United States,VA,Virginia,Ashburn,,
196,94.130.89.105,EU,Europe,DE,Germany,,Saxony,Falkenstein,,
197,52.206.1.135,NA,North America,US,United States,VA,Virginia,Ashburn,,
198,108.177.15.128,NA,North America,US,United States,VA,Virginia,Ashburn,,
199,104.27.129.32,NA,North America,US,United States,IL,Illinois,Chicago,,
200,74.124.215.39,NA,North America,US,United States,CA,California,Santa Monica (Sunset Park),,
201,192.185.157.131,NA,North America,US,United States,MA,Massachusetts,Burlington,,
202,198.46.207.25,NA,North America,US,United States,NY,New York,New York,,
203,156.229.169.33,NA,North America,US,United States,CA,California,San Jose,,
204,173.254.28.207,NA,North America,US,United States,UT,Utah,Salt Lake City,,
205,184.75.240.199,NA,North America,US,United States,TX,Texas,Houston (Memorial),,
206,192.185.14.32,NA,North America,US,United States,MA,Massachusetts,Burlington,,
207,50.63.202.77,NA,North America,US,United States,AZ,Arizona,Scottsdale (North Scottsdale),,
208,192.185.41.190,NA,North America,US,United States,MA,Massachusetts,Burlington,,
209,216.113.194.1,NA,North America,CA,Canada,BC,British Columbia,Vancouver (East Side),,
210,202.52.146.102,AS,Asia,ID,Indonesia,,Yogyakarta,Pandeyan,,
211,202.75.223.155,AS,Asia,CN,China,,Zhejiang,Hangzhou (Xihu Qu),,
212,173.236.165.202,NA,North America,US,United States,CA,California,Brea,,
213,185.26.125.132,EU,Europe,LU,Luxembourg,,Luxembourg,Luxembourg,,
214,111.118.215.27,AS,Asia,IN,India,,Maharashtra,Mumbai (Chandivali),,
215,70.39.151.44,NA,North America,US,United States,CA,California,El Segundo,,
216,62.151.181.222,NA,North America,US,United States,DC,District of Columbia,Washington D.C.,,
217,50.63.202.75,NA,North America,US,United States,AZ,Arizona,Scottsdale (North Scottsdale),,
218,45.113.122.178,AS,Asia,IN,India,,Maharashtra,Nashik (Mahatma Nagar),,
219,149.202.78.240,EU,Europe,FR,France,,Hauts-de-France,Gravelines,,
220,206.217.193.164,NA,North America,US,United States,DC,District of Columbia,Washington D.C.,,
221,66.175.210.196,NA,North America,US,United States,NJ,New Jersey,Newark,,
222,87.238.248.115,EU,Europe,DK,Denmark,,Central Jutland,Galten,,
223,52.216.136.174,NA,North America,US,United States,VA,Virginia,Ashburn,,
224,175.45.185.194,AS,Asia,ID,Indonesia,,East Java,Malang,,
225,45.122.221.84,AS,Asia,VN,Vietnam,,Ho Chi Minh,Ho Chi Minh City,,
226,148.66.155.61,AS,Asia,SG,Singapore,,,Singapore (Pioneer),,
227,160.153.129.33,EU,Europe,NL,Netherlands,,North Holland,Amsterdam,,
228,213.246.110.65,EU,Europe,GB,United Kingdom,,England,London,,
229,82.71.204.29,EU,Europe,GB,United Kingdom,,England,Rochdale,,
230,178.20.153.85,EU,Europe,UA,Ukraine,,Kyiv City,Kyiv (Shevchenkivs'kyi district),,
231,47.246.50.205,EU,Europe,FR,France,,Île-de-France,Paris,,
232,15.164.83.206,AS,Asia,KR,South Korea,,Seoul,Seoul,,
233,174.138.36.214,NA,North America,US,United States,NJ,New Jersey,North Bergen,,
234,192.95.43.221,NA,North America,US,United States,NJ,New Jersey,Newark (Central Business District),,
235,112.78.112.185,AS,Asia,JP,Japan,,Ōsaka,Osaka (Minamihonmachi),,
236,50.87.146.65,NA,North America,US,United States,UT,Utah,Salt Lake City,,
237,69.164.223.52,NA,North America,US,United States,NJ,New Jersey,Newark,,
238,143.95.42.99,NA,North America,US,United States,MA,Massachusetts,Burlington,,
239,46.36.216.128,EU,Europe,EE,Estonia,,Ida-Virumaa,Narva,,
240,196.41.123.66,AF,Africa,ZA,South Africa,,Western Cape,Cape Town (Sunkist),,
241,208.113.197.10,NA,North America,US,United States,CA,California,Brea,,
242,149.126.4.97,EU,Europe,CH,Switzerland,,Basel-City,Basel (Vorstädte),,
243,107.180.4.6,NA,North America,US,United States,AZ,Arizona,Scottsdale (North Scottsdale),,
244,104.31.68.194,NA,North America,US,United States,IL,Illinois,Chicago,,
245,194.135.87.127,EU,Europe,LT,Lithuania,,Vilnius,Vilnius,,
246,5.63.12.234,AS,Asia,IR,Iran,,Tehrān,Tehran,,
247,199.48.208.206,NA,North America,US,United States,NV,Nevada,Las Vegas,,
248,162.241.60.15,NA,North America,US,United States,UT,Utah,Provo (East Bay),,
249,89.46.108.13,EU,Europe,IT,Italy,,Tuscany,Arezzo,,
250,62.210.16.62,EU,Europe,FR,France,,Île-de-France,Clichy-sous-Bois,,
251,148.66.136.8,AS,Asia,SG,Singapore,,,Singapore (Pioneer),,
252,93.191.158.12,EU,Europe,DK,Denmark,,Central Jutland,Skanderborg,,
253,92.53.123.104,EU,Europe,RU,Russia,,St.-Petersburg,St Petersburg,,
254,185.65.202.163,EU,Europe,RU,Russia,,Orel Oblast,Oryol,,
255,31.220.125.13,EU,Europe,DE,Germany,,Hesse,Frankfurt am Main,,
256,217.115.119.178,EU,Europe,IE,Ireland,,Leinster,Dublin (Tallaght),,
257,107.180.0.85,NA,North America,US,United States,AZ,Arizona,Scottsdale (North Scottsdale),,
258,144.91.102.43,EU,Europe,DE,Germany,,Bavaria,Munich (Ramersdorf-Perlach),,
259,173.193.126.139,NA,North America,US,United States,TX,Texas,Dallas (Park Cities),,
260,67.222.130.10,NA,North America,MX,Mexico,,Morelos,Oaxtepec (Centro),,
261,101.0.121.34,OC,Oceania,AU,Australia,NSW,New South Wales,Redfern,,
262,186.202.153.6,SA,South America,BR,Brazil,,Amazonas,Itacoatiara,,
263,145.14.144.122,NA,North America,US,United States,NC,North Carolina,Charlotte,,
264,185.26.122.72,EU,Europe,RU,Russia,,St.-Petersburg,St Petersburg,,
265,98.142.221.132,NA,North America,US,United States,GA,Georgia,Atlanta (Downtown),,
266,184.171.242.132,NA,North America,US,United States,FL,Florida,Orlando,,
267,64.13.232.218,NA,North America,US,United States,CA,California,Culver City (Hayden Tract),,
268,213.13.26.152,EU,Europe,PT,Portugal,,Lisbon,Lisbon (São Sebastião da Pedreira),,
269,141.98.118.33,AS,Asia,TR,Turkey,,Ankara,Ankara,,
270,37.9.175.16,EU,Europe,SK,Slovakia,,Bratislava,Bratislava (Karlova Ves),,
271,176.28.64.164,EU,Europe,RU,Russia,,Orenburg Oblast,Orenburg,,
272,91.151.85.54,AS,Asia,TR,Turkey,,Ankara,Altındağ,,
273,104.18.33.206,NA,North America,US,United States,IL,Illinois,Chicago,,
274,50.63.112.1,NA,North America,US,United States,AZ,Arizona,Scottsdale (North Scottsdale),,
275,160.119.100.63,AF,Africa,ZA,South Africa,,Western Cape,Cape Town (Milnerton Rural),,
276,188.136.174.4,AS,Asia,IR,Iran,,Tehrān,Tehran,,
277,108.161.135.148,NA,North America,US,United States,TX,Texas,Dallas,,
278,188.117.28.99,EU,Europe,FI,Finland,,Uusimaa,Helsinki,,
279,154.206.153.24,AS,Asia,HK,Hong Kong,,Tsuen Wan,Tsuen Wan,,
280,186.64.117.125,SA,South America,CL,Chile,,Maule Region,Curicó,,
281,45.119.214.132,AS,Asia,VN,Vietnam,,Hanoi,Dich Vong Trung,,
282,216.144.236.227,NA,North America,US,United States,CA,California,Los Angeles (Downtown),,
283,77.72.4.130,EU,Europe,GB,United Kingdom,,England,Torquay,,
284,91.185.185.178,EU,Europe,PL,Poland,,Mazovia,Warsaw (Praga Południe),,
285,195.20.46.2,EU,Europe,NL,Netherlands,,North Holland,Amsterdam (Centrum),,
286,34.193.69.228,NA,North America,US,United States,VA,Virginia,Ashburn,,
287,198.185.159.144,NA,North America,US,United States,NY,New York,New York,,
288,87.236.16.36,EU,Europe,RU,Russia,,St.-Petersburg,St Petersburg,,
289,108.171.216.194,NA,North America,US,United States,VA,Virginia,Ashburn,,
290,93.186.180.62,EU,Europe,NL,Netherlands,,Overijssel,Enschede (Binnensingelgebied),,
291,103.43.188.29,AS,Asia,HK,Hong Kong,,Tsuen Wan,Kwai Chung,,
292,94.232.62.58,EU,Europe,RU,Russia,,Chuvashia,Cheboksary,,
293,91.234.194.177,EU,Europe,FR,France,,Grand Est,Golbey,,
294,85.187.128.19,AS,Asia,SG,Singapore,,,Singapore,,
295,205.144.171.109,NA,North America,US,United States,CA,California,Industry,,
296,31.169.77.103,AS,Asia,TR,Turkey,,Istanbul,Istanbul,,
297,132.148.220.95,NA,North America,US,United States,AZ,Arizona,Scottsdale (North Scottsdale),,
298,31.170.121.238,EU,Europe,GB,United Kingdom,,England,Slough,,
299,190.210.186.150,SA,South America,AR,Argentina,,Buenos Aires F.D.,Recoleta,,
300,185.22.109.12,EU,Europe,FR,France,,Île-de-France,Paris,,
301,207.148.123.189,AS,Asia,SG,Singapore,,,Singapore,,
302,193.168.194.148,AS,Asia,SG,Singapore,,,Singapore,,
303,139.99.138.248,AS,Asia,LK,Sri Lanka,,Western,Boralesgamuwa South,,
304,144.76.105.232,EU,Europe,DE,Germany,,Saxony,Falkenstein,,
305,66.42.58.139,NA,North America,US,United States,NY,New York,New York,,
306,177.11.54.131,SA,South America,BR,Brazil,,São Paulo,Pinheiros,,
307,5.2.85.74,AS,Asia,TR,Turkey,,İzmir,Işıkkent,,
308,192.124.249.19,NA,North America,US,United States,CA,California,Menifee,,
309,46.242.246.63,EU,Europe,PL,Poland,,Mazovia,Warsaw,,
310,107.180.50.190,NA,North America,US,United States,AZ,Arizona,Scottsdale (North Scottsdale),,
311,104.131.9.115,NA,North America,US,United States,NJ,New Jersey,Clifton,,
312,178.218.165.60,EU,Europe,HR,Croatia,,City of Zagreb,Zagreb,,
313,167.86.71.168,EU,Europe,DE,Germany,,Bavaria,Munich (Ramersdorf-Perlach),,
314,191.252.46.14,SA,South America,BR,Brazil,,Amazonas,Itacoatiara,,
315,195.20.44.204,EU,Europe,NL,Netherlands,,North Holland,Amsterdam (Centrum),,
316,81.169.145.150,EU,Europe,DE,Germany,,Berlin,Berlin (Charlottenburg-Wilmersdorf),,
317,51.89.7.30,EU,Europe,DE,Germany,,Hesse,Limburg an der Lahn,,
318,78.135.65.16,AS,Asia,TR,Turkey,,Istanbul,Istanbul,,
319,182.50.151.114,AS,Asia,SG,Singapore,,,Singapore (Pioneer),,
320,195.20.52.71,EU,Europe,NL,Netherlands,,North Holland,Amsterdam (Centrum),,
321,104.171.189.133,NA,North America,US,United States,FL,Florida,Orlando,,
322,197.242.146.221,AF,Africa,ZA,South Africa,,Gauteng,Sandton (Edenburg),,
323,164.132.235.17,EU,Europe,FR,France,,Grand Est,Strasbourg,,
324,192.30.128.24,NA,North America,US,United States,CO,Colorado,Colorado Springs (Northwest Colorado Springs),,
325,160.16.196.37,AS,Asia,JP,Japan,,Ōsaka,Kita-ku,,
326,85.214.205.80,EU,Europe,DE,Germany,,Berlin,Berlin (Charlottenburg-Wilmersdorf),,
327,103.247.10.240,AS,Asia,ID,Indonesia,,Jakarta,Jakarta,,
328,217.182.79.12,EU,Europe,PL,Poland,,Lower Silesia,Wrocław (Fabryczna),,
329,50.97.186.163,NA,North America,US,United States,IL,Illinois,Chicago,,
330,128.65.195.182,EU,Europe,CH,Switzerland,,Geneva,Geneva (Centre-Plainpalais-Acacias),,
331,107.180.3.225,NA,North America,US,United States,AZ,Arizona,Scottsdale (North Scottsdale),,
332,162.243.232.111,NA,North America,US,United States,NY,New York,New York,,
333,103.200.5.14,AS,Asia,HK,Hong Kong,,Wan Chai,Wanchai,,
334,5.101.152.7,EU,Europe,RU,Russia,,St.-Petersburg,St Petersburg,,
335,185.162.30.114,EU,Europe,BE,Belgium,,Flanders,Ghent (Desteldonk),,
336,208.77.216.4,NA,North America,US,United States,TX,Texas,Dallas (Old East Dallas),,
337,173.239.5.6,NA,North America,US,United States,NJ,New Jersey,Newark,,
338,165.73.140.19,AF,Africa,ZA,South Africa,,Gauteng,Johannesburg,,
339,107.161.178.162,NA,North America,US,United States,FL,Florida,Orlando,,
340,198.57.247.244,NA,North America,US,United States,UT,Utah,Provo (East Bay),,
341,208.91.199.51,NA,North America,US,United States,MA,Massachusetts,Burlington,,
342,192.227.171.66,NA,North America,US,United States,NY,New York,Williamsville,,
343,164.138.211.75,EU,Europe,ES,Spain,,Andalusia,El Puerto de Santa María,,
344,194.59.164.59,AS,Asia,SG,Singapore,,,Singapore,,
345,193.226.64.31,EU,Europe,MD,Moldova,,Chișinău Municipality,Chisinau,,
346,159.89.164.71,AS,Asia,IN,India,,Karnataka,Bengaluru,,
347,178.77.214.104,EU,Europe,CZ,Czechia,,South Moravian,Brno (Brno-Židenice),,
348,91.224.140.71,EU,Europe,NL,Netherlands,,Utrecht,Veenendaal,,
349,195.20.52.199,EU,Europe,NL,Netherlands,,North Holland,Amsterdam (Centrum),,
350,216.10.240.90,AS,Asia,IN,India,,Maharashtra,Mumbai,,
351,107.180.51.240,NA,North America,US,United States,AZ,Arizona,Scottsdale (North Scottsdale),,
352,78.142.210.73,AS,Asia,TR,Turkey,,İzmir,Bornova,,
353,154.203.141.142,AS,Asia,HK,Hong Kong,,Tsuen Wan,Tsuen Wan,,
354,162.241.216.230,NA,North America,US,United States,UT,Utah,Provo (East Bay),,
355,136.243.172.51,EU,Europe,DE,Germany,,Saxony,Falkenstein,,
356,104.28.14.46,NA,North America,US,United States,IL,Illinois,Chicago,,
357,27.254.41.197,AS,Asia,TH,Thailand,,Bangkok,Huai Khwang (Khwaeng Huai Khwang),,
358,38.27.100.185,NA,North America,US,United States,VA,Virginia,Sterling,,
359,45.79.165.136,NA,North America,US,United States,NJ,New Jersey,Newark,,
360,162.222.227.215,NA,North America,US,United States,TX,Texas,Austin (Southeast Austin),,
361,185.31.40.183,EU,Europe,FR,France,,Île-de-France,Paris,,
362,146.66.70.195,NA,North America,US,United States,IL,Illinois,Chicago (Near South Side),,
363,107.180.4.47,NA,North America,US,United States,AZ,Arizona,Scottsdale (North Scottsdale),,
364,82.208.18.69,EU,Europe,CZ,Czechia,,Hlavní město Praha,Prague (Praha 3),,
365,122.160.61.100,AS,Asia,IN,India,,Delhi,New Delhi (Okhla Phase III),,
366,145.14.145.64,NA,North America,US,United States,NC,North Carolina,Charlotte,,
367,86.35.15.80,EU,Europe,RO,Romania,,Bucureşti,Bucharest (Sector 3),,
368,177.185.196.66,SA,South America,BR,Brazil,,Rio Grande do Sul,Porto Alegre,,
369,80.96.47.85,EU,Europe,RO,Romania,,Maramureş,Baia Mare,,
370,216.193.224.77,NA,North America,US,United States,CA,California,Los Angeles (Chatsworth),,
371,208.91.199.122,NA,North America,US,United States,MA,Massachusetts,Burlington,,
372,104.31.69.75,NA,North America,US,United States,IL,Illinois,Chicago,,
373,194.28.172.241,EU,Europe,UA,Ukraine,,Vinnitsa,Vinnytsia (Lenins'kyi District),,
374,104.192.220.179,NA,North America,US,United States,CA,California,Burbank,,
375,199.188.200.95,NA,North America,US,United States,AZ,Arizona,Phoenix (South Mountain),,
376,13.67.129.26,NA,North America,US,United States,IA,Iowa,Des Moines,,
377,31.7.1.22,EU,Europe,NL,Netherlands,,Overijssel,Almelo,,
378,91.239.207.45,AS,Asia,GE,Georgia,,T'bilisi,Tbilisi (Vake-Saburtalo),,
379,206.189.114.26,EU,Europe,GB,United Kingdom,,England,London,,
380,104.198.106.218,NA,North America,US,United States,VA,Virginia,Ashburn,,
381,139.199.212.193,AS,Asia,JP,Japan,,Tokyo,Tokyo,,
382,103.235.105.92,AS,Asia,IN,India,,Tamil Nadu,Singānallūr,,
383,130.198.80.189,OC,Oceania,AU,Australia,NSW,New South Wales,Sydney,,
384,148.66.138.122,AS,Asia,SG,Singapore,,,Singapore (Pioneer),,
385,199.119.203.100,NA,North America,US,United States,CA,California,Los Angeles (Downtown),,
386,64.202.187.235,NA,North America,US,United States,AZ,Arizona,Scottsdale (North Scottsdale),,
387,94.136.59.106,EU,Europe,GB,United Kingdom,,England,Leeds,,
388,81.19.215.13,EU,Europe,GB,United Kingdom,,England,London,,
389,103.224.212.222,OC,Oceania,AU,Australia,VIC,Victoria,Beaumaris,,
390,164.52.146.18,NA,North America,US,United States,MT,Montana,Miles City,,
391,198.54.125.61,NA,North America,US,United States,NJ,New Jersey,Newark,,
392,67.23.254.170,NA,North America,US,United States,FL,Florida,Orlando,,
393,218.93.127.61,AS,Asia,CN,China,,Jiangsu,Nanjing (Xuanwu Qu),,
394,78.47.36.43,EU,Europe,DE,Germany,,Bavaria,Nuremberg,,
395,104.31.76.27,NA,North America,US,United States,IL,Illinois,Chicago,,
396,51.178.5.240,EU,Europe,FR,France,,Île-de-France,Paris,,
397,213.142.131.168,AS,Asia,TR,Turkey,,Istanbul,Istanbul,,
398,69.73.170.8,NA,North America,US,United States,TX,Texas,Spring,,
399,51.77.174.29,EU,Europe,GB,United Kingdom,,England,London,,
400,103.23.224.70,AS,Asia,ID,Indonesia,,Central Java,Surakarta,,
401,209.222.109.226,NA,North America,US,United States,NJ,New Jersey,Newark,,
402,107.154.149.215,EU,Europe,GB,United Kingdom,,England,London,,
403,45.40.165.35,NA,North America,US,United States,AZ,Arizona,Scottsdale (North Scottsdale),,
404,37.59.47.123,EU,Europe,FR,France,,Hauts-de-France,Roubaix,,
405,193.239.44.110,EU,Europe,PL,Poland,,Kujawsko-Pomorskie,Bydgoszcz,,
406,208.113.172.82,NA,North America,US,United States,CA,California,Brea,,
407,192.185.146.33,NA,North America,US,United States,MA,Massachusetts,Burlington,,
408,31.210.65.222,AS,Asia,TR,Turkey,,Istanbul,Istanbul,,
409,51.158.172.143,EU,Europe,NL,Netherlands,,North Holland,Amsterdam,,
410,217.70.184.55,EU,Europe,FR,France,,Île-de-France,Paris (13th arrondissement of Paris),,
411,192.124.249.63,NA,North America,US,United States,CA,California,Menifee,,
412,18.205.93.1,NA,North America,US,United States,VA,Virginia,Ashburn,,
413,173.236.173.118,NA,North America,US,United States,CA,California,Brea,,
414,104.24.115.54,NA,North America,US,United States,IL,Illinois,Chicago,,
415,211.202.3.97,AS,Asia,KR,South Korea,,Seoul,Seoul (Hoehyeon-dong),,
416,144.91.100.242,EU,Europe,DE,Germany,,Bavaria,Munich (Ramersdorf-Perlach),,
417,200.58.111.180,SA,South America,AR,Argentina,,Buenos Aires,González Catán,,
418,5.101.152.120,EU,Europe,RU,Russia,,St.-Petersburg,St Petersburg,,
419,195.22.26.248,EU,Europe,GB,United Kingdom,,England,London,,
420,108.167.189.114,NA,North America,US,United States,TX,Texas,Houston (Westview),,
421,192.254.233.92,NA,North America,US,United States,MA,Massachusetts,Burlington,,
422,94.152.157.67,EU,Europe,PL,Poland,,Lesser Poland,Krakow,,
423,190.90.160.12,SA,South America,CO,Colombia,,Valle del Cauca,Santiago de Cali,,
424,183.82.125.75,AS,Asia,IN,India,,Telangana,Secunderabad,,
425,52.95.145.84,NA,North America,CA,Canada,ON,Ontario,Toronto,,
426,188.165.122.227,EU,Europe,IT,Italy,,Tuscany,Montecatini Terme,,
427,43.241.73.194,AS,Asia,HK,Hong Kong,,Tsuen Wan,Kwai Chung,,
428,182.50.135.94,AS,Asia,SG,Singapore,,,Singapore (Pioneer),,
429,34.102.176.152,NA,North America,US,United States,VA,Virginia,Ashburn,,
430,123.30.184.144,AS,Asia,VN,Vietnam,,Hanoi,Hanoi,,
431,198.71.233.106,NA,North America,US,United States,AZ,Arizona,Scottsdale (North Scottsdale),,
432,64.41.137.128,NA,North America,US,United States,CA,California,Mountain View,,
433,206.169.252.220,NA,North America,US,United States,IN,Indiana,Indianapolis,,
434,213.232.126.134,EU,Europe,GB,United Kingdom,,England,London,,
435,27.254.86.31,AS,Asia,TH,Thailand,,Bangkok,Huai Khwang (Khwaeng Huai Khwang),,
436,104.31.68.253,NA,North America,US,United States,IL,Illinois,Chicago,,
437,91.202.164.197,EU,Europe,RU,Russia,,Orel Oblast,Oryol,,
438,146.196.65.44,AS,Asia,VN,Vietnam,,Ho Chi Minh,Ho Chi Minh City,,
439,194.68.38.115,EU,Europe,SE,Sweden,,Stockholm,Stockholm,,
440,62.213.219.25,EU,Europe,BE,Belgium,,Brussels Capital,Brussels,,
441,5.100.152.24,EU,Europe,GB,United Kingdom,,England,London,,
442,172.96.184.165,EU,Europe,NL,Netherlands,,North Holland,Amsterdam,,
443,103.211.216.180,AS,Asia,IN,India,,Maharashtra,Mumbai,,
444,211.43.203.75,AS,Asia,KR,South Korea,,Seoul,Seoul (Samseong 1(il)-dong),,
445,104.24.121.17,NA,North America,US,United States,IL,Illinois,Chicago,,
446,68.183.134.131,NA,North America,US,United States,NJ,New Jersey,North Bergen,,
447,185.26.112.217,EU,Europe,RU,Russia,,Rostov,Khoroshëvskaya,,
448,45.60.22.79,NA,North America,US,United States,IL,Illinois,Chicago,,
449,192.185.28.238,NA,North America,US,United States,MA,Massachusetts,Burlington,,
450,50.63.202.64,NA,North America,US,United States,AZ,Arizona,Scottsdale (North Scottsdale),,
451,145.14.144.81,NA,North America,US,United States,NC,North Carolina,Charlotte,,
452,162.241.226.22,NA,North America,US,United States,UT,Utah,Provo (East Bay),,
453,45.117.171.47,AS,Asia,VN,Vietnam,,Ho Chi Minh,Ho Chi Minh City,,
454,192.124.249.159,NA,North America,US,United States,CA,California,Menifee,,
455,70.40.217.33,NA,North America,US,United States,UT,Utah,Provo (East Bay),,
456,77.79.92.22,AS,Asia,TR,Turkey,,Istanbul,Beşiktaş,,
457,162.144.111.78,NA,North America,US,United States,UT,Utah,Provo (East Bay),,
458,115.28.245.197,AS,Asia,CN,China,,Zhejiang,Hangzhou,,
459,74.208.236.46,NA,North America,US,United States,MO,Missouri,Kansas City (Financial District),,
460,34.203.241.240,NA,North America,US,United States,VA,Virginia,Ashburn,,
461,195.208.1.106,EU,Europe,RU,Russia,,Moscow,Moscow,,
462,104.24.98.200,NA,North America,US,United States,IL,Illinois,Chicago,,
463,145.14.144.176,NA,North America,US,United States,NC,North Carolina,Charlotte,,
464,87.98.239.48,EU,Europe,FR,France,,Grand Est,Strasbourg,,
465,148.66.136.67,AS,Asia,SG,Singapore,,,Singapore (Pioneer),,
466,89.46.104.34,EU,Europe,IT,Italy,,Tuscany,Arezzo,,
467,207.148.79.39,AS,Asia,SG,Singapore,,,Singapore,,
468,93.189.88.60,EU,Europe,ES,Spain,,Catalonia,Barcelona,,
469,50.63.202.54,NA,North America,US,United States,AZ,Arizona,Scottsdale (North Scottsdale),,
470,202.181.97.43,AS,Asia,JP,Japan,,Ōsaka,Osaka (Minamihonmachi),,
471,107.187.175.89,NA,North America,US,United States,CA,California,Fresno,,
472,148.251.43.248,EU,Europe,DE,Germany,,Saxony,Falkenstein,,
473,5.196.205.145,EU,Europe,FR,France,,Grand Est,Strasbourg,,
474,104.18.63.30,NA,North America,US,United States,IL,Illinois,Chicago,,
475,154.86.147.253,AS,Asia,HK,Hong Kong,,Tsuen Wan,Tsuen Wan,,
476,198.185.159.145,NA,North America,US,United States,NY,New York,New York,,
477,23.19.129.87,NA,North America,US,United States,WA,Washington,Seattle,,
478,112.213.86.54,AS,Asia,VN,Vietnam,,Hanoi,Hà Đông,,
479,103.120.80.208,AS,Asia,HK,Hong Kong,,Central and Western,Hong Kong,,
480,13.56.33.8,NA,North America,US,United States,CA,California,San Jose,,
481,157.7.44.224,AS,Asia,JP,Japan,,Tokyo,Shibuya (Sakuragaokachō),,
482,192.0.78.24,NA,North America,US,United States,CA,California,San Francisco (Bernal Heights),,
483,200.58.110.234,SA,South America,AR,Argentina,,Cordoba,San Francisco,,
484,153.127.1.110,AS,Asia,JP,Japan,,Hokkaido,Ishikari,,
485,142.93.185.197,NA,North America,US,United States,NJ,New Jersey,Clifton,,
486,202.181.24.83,AS,Asia,HK,Hong Kong,,Tsuen Wan,Tsuen Wan,,
487,104.31.93.143,NA,North America,US,United States,IL,Illinois,Chicago,,
488,205.186.187.108,NA,North America,US,United States,CA,California,Culver City (Hayden Tract),,
489,173.249.24.142,EU,Europe,DE,Germany,,Bavaria,Munich (Ramersdorf-Perlach),,
490,195.20.49.111,EU,Europe,NL,Netherlands,,North Holland,Amsterdam (Centrum),,
491,209.182.202.156,NA,North America,US,United States,CA,California,El Segundo,,
492,200.17.41.46,SA,South America,BR,Brazil,,Ceará,Fortaleza (Benfica),,
493,149.56.22.100,NA,North America,CA,Canada,QC,Quebec,Montreal (Ville-Marie),,
494,192.185.131.48,NA,North America,US,United States,MA,Massachusetts,Burlington,,
495,65.182.100.98,NA,North America,US,United States,AZ,Arizona,Phoenix (Encanto),,
496,209.59.141.241,NA,North America,US,United States,MI,Michigan,Lansing,,
497,69.162.125.138,NA,North America,US,United States,TX,Texas,Dallas,,
498,198.57.247.219,NA,North America,US,United States,UT,Utah,Provo (East Bay),,
499,191.252.4.67,SA,South America,BR,Brazil,,Amazonas,Itacoatiara,,
500,186.202.161.96,SA,South America,BR,Brazil,,Amazonas,Itacoatiara,,
501,185.253.212.22,EU,Europe,PL,Poland,,Mazovia,Warsaw,,
502,104.18.39.24,NA,North America,US,United States,IL,Illinois,Chicago,,
503,211.233.11.186,AS,Asia,KR,South Korea,,Gyeonggi-do,Seongnam-si,,
504,192.185.46.44,NA,North America,US,United States,MA,Massachusetts,Burlington,,
505,5.180.186.27,AS,Asia,TR,Turkey,,Ankara,Ankara,,
506,104.27.178.100,NA,North America,US,United States,IL,Illinois,Chicago,,
507,81.19.145.157,EU,Europe,AT,Austria,,Upper Austria,Linz (Lustenau),,
508,46.101.50.140,EU,Europe,GB,United Kingdom,,England,London,,
509,192.254.235.90,NA,North America,US,United States,MA,Massachusetts,Burlington,,
510,212.227.103.183,EU,Europe,DE,Germany,,North Rhine-Westphalia,Bonn,,
511,204.11.56.48,NA,North America,VG,British Virgin Islands,,Tortola,Road Town,,
512,216.172.172.112,NA,North America,US,United States,MA,Massachusetts,Burlington,,
513,139.99.160.111,OC,Oceania,AU,Australia,NSW,New South Wales,North Sydney,,
514,145.239.180.25,EU,Europe,BE,Belgium,,Wallonia,Braine-le-Comte,,
515,101.0.93.98,OC,Oceania,AU,Australia,NSW,New South Wales,Redfern,,
516,13.229.218.93,AS,Asia,SG,Singapore,,,Singapore,,
517,173.82.255.228,NA,North America,US,United States,CA,California,Santa Clarita,,
518,150.60.117.213,AS,Asia,JP,Japan,,Tokyo,Chiyoda,,
519,103.58.148.233,AS,Asia,TH,Thailand,,Bangkok,Pathum Wan (Khwaeng Wang Mai),,
520,162.241.253.57,NA,North America,US,United States,UT,Utah,Provo (East Bay),,
521,91.208.99.12,EU,Europe,GB,United Kingdom,,England,Slough,,
522,23.229.129.134,NA,North America,US,United States,AZ,Arizona,Scottsdale (North Scottsdale),,
523,104.27.154.234,NA,North America,US,United States,IL,Illinois,Chicago,,
524,94.23.5.152,EU,Europe,FR,France,,Hauts-de-France,Roubaix,,
525,94.23.95.112,EU,Europe,FR,France,,Île-de-France,Clichy-sous-Bois,,
526,144.91.77.119,EU,Europe,DE,Germany,,Bavaria,Munich (Ramersdorf-Perlach),,
527,205.196.120.6,NA,North America,US,United States,TX,Texas,Magnolia,,
528,186.202.153.41,SA,South America,BR,Brazil,,Amazonas,Itacoatiara,,
529,93.88.75.180,EU,Europe,NL,Netherlands,,Drenthe,Meppel,,
530,209.97.190.49,EU,Europe,GB,United Kingdom,,England,London,,
531,206.81.100.99,NA,North America,US,United States,CA,California,Fremont (East Industrial),,
532,107.180.46.187,NA,North America,US,United States,AZ,Arizona,Scottsdale (North Scottsdale),,
533,202.181.99.27,AS,Asia,JP,Japan,,Ōsaka,Osaka (Minamihonmachi),,
534,119.28.73.200,AS,Asia,SG,Singapore,,,Singapore,,
535,68.66.224.42,NA,North America,US,United States,OH,Ohio,Cleveland,,
536,193.41.86.228,EU,Europe,NL,Netherlands,,North Holland,Amsterdam,,
537,51.91.176.39,EU,Europe,FR,France,,Grand Est,Strasbourg,,
538,31.11.32.134,EU,Europe,IT,Italy,,Tuscany,Arezzo,,
539,66.45.230.122,NA,North America,US,United States,NJ,New Jersey,Secaucus,,
540,134.119.189.2,EU,Europe,FR,France,,Grand Est,Strasbourg,,
541,109.234.160.30,EU,Europe,FR,France,,Auvergne-Rhône-Alpes,Clermont-Ferrand,,
542,92.48.206.135,EU,Europe,NL,Netherlands,,North Holland,Heemskerk,,
543,162.241.2.70,NA,North America,US,United States,UT,Utah,Provo (East Bay),,
544,149.210.195.103,EU,Europe,NL,Netherlands,,North Holland,Amsterdam,,
545,177.185.206.170,SA,South America,BR,Brazil,,Rio Grande do Sul,Porto Alegre,,
546,94.73.146.142,AS,Asia,TR,Turkey,,Istanbul,Istanbul,,
547,109.199.126.127,AS,Asia,SG,Singapore,,,Singapore,,
548,103.74.217.94,OC,Oceania,AU,Australia,QLD,Queensland,Eight Mile Plains,,
549,51.77.161.160,EU,Europe,FR,France,,Île-de-France,Paris,,
550,208.113.221.63,NA,North America,US,United States,CA,California,Brea,,
551,103.108.220.126,AS,Asia,IN,India,,Maharashtra,Nashik (Krushnai Nagar),,
552,173.249.25.218,EU,Europe,DE,Germany,,Bavaria,Munich (Ramersdorf-Perlach),,
553,46.30.215.243,EU,Europe,DK,Denmark,,Capital Region,Copenhagen,,
554,204.44.192.48,NA,North America,US,United States,CA,California,Los Angeles,,
555,107.6.158.222,NA,North America,US,United States,IL,Illinois,Chicago (Loop),,
556,68.183.100.101,NA,North America,US,United States,NJ,New Jersey,North Bergen,,
557,193.141.3.70,EU,Europe,DE,Germany,,Berlin,Berlin (Charlottenburg-Wilmersdorf),,
558,109.95.158.22,EU,Europe,PL,Poland,,Mazovia,Warsaw (Ochota),,
559,31.22.1.133,EU,Europe,GB,United Kingdom,,England,Newcastle upon Tyne,,
560,35.171.173.80,NA,North America,US,United States,VA,Virginia,Ashburn,,
561,103.27.208.55,AS,Asia,CN,China,,Sichuan,Chengdu,,
562,5.255.79.54,EU,Europe,NL,Netherlands,,Flevoland,Dronten,,
563,154.84.96.31,NA,North America,US,United States,CA,California,Los Angeles,,
564,51.77.149.254,EU,Europe,FR,France,,Grand Est,Strasbourg,,
565,72.29.72.61,NA,North America,US,United States,FL,Florida,Orlando,,
566,103.68.251.199,AS,Asia,VN,Vietnam,,Da Nang,Da Nang,,
567,148.66.138.171,AS,Asia,SG,Singapore,,,Singapore (Pioneer),,
568,162.159.134.233,NA,North America,US,United States,IL,Illinois,Chicago,,
569,192.3.2.170,NA,North America,US,United States,NY,New York,Buffalo,,
570,192.185.36.1,NA,North America,US,United States,MA,Massachusetts,Burlington,,
571,153.120.181.24,AS,Asia,JP,Japan,,Hokkaido,Ishikari,,
572,104.31.74.82,NA,North America,US,United States,IL,Illinois,Chicago,,
573,144.208.76.182,NA,North America,US,United States,DC,District of Columbia,Washington D.C.,,
574,92.53.112.202,EU,Europe,RU,Russia,,St.-Petersburg,St Petersburg,,
575,88.208.216.140,EU,Europe,GB,United Kingdom,,England,Gloucester,,
576,192.99.111.80,NA,North America,CA,Canada,QC,Quebec,Montreal (Ville-Marie),,
577,81.19.145.76,EU,Europe,AT,Austria,,Upper Austria,Linz (Lustenau),,
578,159.65.2.223,AS,Asia,SG,Singapore,,,Singapore (Pioneer),,
579,94.73.151.165,AS,Asia,TR,Turkey,,Istanbul,Istanbul,,
580,68.65.123.235,NA,North America,US,United States,NJ,New Jersey,Newark,,
581,182.16.51.110,AS,Asia,HK,Hong Kong,,Sham Shui Po,Cheung Sha Wan,,
582,218.237.65.31,AS,Asia,KR,South Korea,,Seoul,Seoul (Toegye-ro),,
583,192.185.129.71,NA,North America,US,United States,TX,Texas,Houston,,
584,172.104.185.87,AS,Asia,SG,Singapore,,,Singapore,,
585,103.6.196.63,AS,Asia,MY,Malaysia,,Kuala Lumpur,Kuala Lumpur (Bukit Ceylon),,
586,13.56.118.169,NA,North America,US,United States,CA,California,San Jose,,
587,80.78.250.103,EU,Europe,RU,Russia,,Moscow,Moscow (North-Western Administrative Okrug),,
588,192.185.78.10,NA,North America,US,United States,MA,Massachusetts,Burlington,,
589,109.149.199.116,EU,Europe,GB,United Kingdom,,England,Weymouth,,
590,205.196.80.48,NA,North America,US,United States,FL,Florida,Fort Lauderdale,,
591,185.67.45.138,EU,Europe,NL,Netherlands,,North Holland,Amsterdam,,
592,192.64.119.151,NA,North America,US,United States,NJ,New Jersey,Newark,,
593,103.70.251.250,AS,Asia,PK,Pakistan,,Punjab,Bhalwal,,
594,162.241.24.83,NA,North America,US,United States,UT,Utah,Provo (East Bay),,
595,186.64.118.105,SA,South America,CL,Chile,,Maule Region,Curicó,,
596,74.85.244.120,NA,North America,US,United States,OR,Oregon,Portland (Southwest Portland),,
597,82.94.246.22,EU,Europe,NL,Netherlands,,North Holland,Amsterdam (Oostelijke Eilanden en Kadijken),,
598,207.182.141.186,NA,North America,US,United States,OH,Ohio,Columbus (Northern Woods),,
599,5.189.187.77,EU,Europe,DE,Germany,,Bavaria,Munich (Ramersdorf-Perlach),,
600,198.57.246.174,NA,North America,US,United States,UT,Utah,Provo (East Bay),,
601,173.249.27.108,EU,Europe,DE,Germany,,Bavaria,Munich (Ramersdorf-Perlach),,
602,195.20.50.61,EU,Europe,NL,Netherlands,,North Holland,Amsterdam (Centrum),,
603,68.183.215.91,EU,Europe,DE,Germany,,Hesse,Frankfurt am Main,,
604,177.185.206.112,SA,South America,BR,Brazil,,Rio Grande do Sul,Porto Alegre,,
605,31.207.33.153,EU,Europe,FR,France,,Île-de-France,Paris,,
606,85.159.66.220,AS,Asia,TR,Turkey,,Istanbul,Istanbul,,
607,37.9.175.7,EU,Europe,SK,Slovakia,,Bratislava,Bratislava (Karlova Ves),,
608,52.217.45.172,NA,North America,US,United States,VA,Virginia,Ashburn,,
609,87.247.244.225,EU,Europe,GB,United Kingdom,,England,Slough,,
610,154.81.77.135,NA,North America,US,United States,CA,California,Los Angeles,,
611,178.159.240.167,EU,Europe,BY,Belarus,,Minsk,Kolodishchi,,
612,204.44.192.33,NA,North America,US,United States,CA,California,Los Angeles,,
613,104.18.46.83,NA,North America,US,United States,IL,Illinois,Chicago,,
614,185.182.56.221,EU,Europe,NL,Netherlands,,Flevoland,Almere Stad (Almere Haven),,
615,104.18.61.7,NA,North America,US,United States,IL,Illinois,Chicago,,
616,115.84.182.189,AS,Asia,VN,Vietnam,,Hanoi,Hanoi,,
617,166.62.10.33,AS,Asia,SG,Singapore,,,Singapore,,
618,192.249.124.144,NA,North America,US,United States,VA,Virginia,Virginia Beach,,
619,85.93.145.251,EU,Europe,RU,Russia,,Moscow,Moscow (Tsentralnyy administrativnyy okrug),,
620,145.14.145.198,NA,North America,US,United States,NC,North Carolina,Charlotte,,
621,112.78.2.101,AS,Asia,VN,Vietnam,,Ho Chi Minh,Ho Chi Minh City,,
622,92.53.96.135,EU,Europe,RU,Russia,,St.-Petersburg,St Petersburg,,
623,132.148.50.129,NA,North America,US,United States,AZ,Arizona,Scottsdale (North Scottsdale),,
624,77.81.76.20,AS,Asia,IR,Iran,,Semnan,Shāhrūd,,
625,69.16.238.239,NA,North America,US,United States,IL,Illinois,Chicago,,
626,94.53.120.109,EU,Europe,RO,Romania,,Bucureşti,Bucharest (Sector 1),,
627,193.141.3.69,EU,Europe,DE,Germany,,Berlin,Berlin (Charlottenburg-Wilmersdorf),,
628,191.6.200.114,SA,South America,BR,Brazil,,Rio Grande do Sul,Porto Alegre,,
629,104.28.6.253,NA,North America,US,United States,IL,Illinois,Chicago,,
630,185.94.230.114,EU,Europe,NL,Netherlands,,North Holland,Amsterdam,,
631,145.14.145.102,NA,North America,US,United States,NC,North Carolina,Charlotte,,
632,104.27.151.42,NA,North America,US,United States,IL,Illinois,Chicago,,
633,35.237.206.52,NA,North America,US,United States,VA,Virginia,Ashburn,,
634,116.206.105.111,AS,Asia,IN,India,,Maharashtra,Mumbai,,
635,74.206.232.234,NA,North America,US,United States,NY,New York,Garden City,,
636,79.96.95.203,EU,Europe,PL,Poland,,West Pomerania,Szczecin,,
637,81.95.121.218,EU,Europe,BE,Belgium,,Flanders,Bruges,,
638,145.14.144.230,NA,North America,US,United States,NC,North Carolina,Charlotte,,
639,54.154.145.244,EU,Europe,IE,Ireland,,Leinster,Dublin,,
640,54.164.54.199,NA,North America,US,United States,VA,Virginia,Ashburn,,
641,216.189.0.22,NA,North America,US,United States,FL,Florida,Jacksonville,,
642,87.98.243.249,EU,Europe,DE,Germany,,Saarland,Saarbrücken (St. Johann),,
643,160.153.16.34,EU,Europe,NL,Netherlands,,North Holland,Amsterdam,,
644,183.3.210.18,AS,Asia,CN,China,,Guangdong,Guangzhou,,
645,58.215.65.70,AS,Asia,CN,China,,Jiangsu,Qinnan,,
646,185.2.4.122,EU,Europe,GB,United Kingdom,,England,London,,
647,182.50.151.84,AS,Asia,SG,Singapore,,,Singapore (Pioneer),,
648,5.79.72.163,EU,Europe,NL,Netherlands,,North Holland,Amsterdam (Nieuwmarkt en Lastage),,
649,13.224.243.73,EU,Europe,GB,United Kingdom,,England,London,,
650,92.53.96.221,EU,Europe,RU,Russia,,St.-Petersburg,St Petersburg,,
651,162.215.240.160,NA,North America,US,United States,MA,Massachusetts,Burlington,,
652,172.253.120.128,NA,North America,US,United States,VA,Virginia,Ashburn,,
653,67.225.140.29,NA,North America,US,United States,MI,Michigan,Lansing,,
654,107.170.238.167,NA,North America,US,United States,CA,California,San Francisco,,
655,46.4.112.205,EU,Europe,DE,Germany,,Saxony,Falkenstein,,
656,104.31.80.252,NA,North America,US,United States,IL,Illinois,Chicago,,
657,77.81.240.32,EU,Europe,NL,Netherlands,,North Holland,Amsterdam,,
658,93.90.146.108,EU,Europe,SE,Sweden,,Stockholm,Stockholm,,
659,104.28.19.204,NA,North America,US,United States,IL,Illinois,Chicago,,
660,111.221.45.73,AS,Asia,SG,Singapore,,,Singapore,,
661,217.148.136.59,EU,Europe,ES,Spain,,Castille and León,Almazán,,
662,52.216.137.182,NA,North America,US,United States,VA,Virginia,Ashburn,,
663,61.126.49.124,AS,Asia,JP,Japan,,Ōsaka,Osaka,,
664,157.230.215.116,NA,North America,US,United States,NJ,New Jersey,North Bergen,,
665,198.54.116.212,NA,North America,US,United States,NJ,New Jersey,Newark,,
666,50.63.75.1,NA,North America,US,United States,AZ,Arizona,Scottsdale (North Scottsdale),,
667,63.249.102.6,NA,North America,US,United States,CA,California,Santa Cruz,,
668,186.202.153.11,SA,South America,BR,Brazil,,Amazonas,Itacoatiara,,
669,185.44.192.50,AS,Asia,TR,Turkey,,Ankara,Ankara,,
670,185.87.123.34,AS,Asia,TR,Turkey,,Bursa,Bursa,,
671,141.8.194.42,EU,Europe,RU,Russia,,Moscow,Moscow,,
672,144.217.118.133,OC,Oceania,AU,Australia,QLD,Queensland,Bahrs Scrub,,
673,195.20.44.111,EU,Europe,NL,Netherlands,,North Holland,Amsterdam (Centrum),,
674,195.20.50.126,EU,Europe,NL,Netherlands,,North Holland,Amsterdam (Centrum),,
675,104.18.39.93,NA,North America,US,United States,IL,Illinois,Chicago,,
676,177.55.116.67,SA,South America,BR,Brazil,,Santa Catarina,Florianópolis,,
677,103.250.186.101,AS,Asia,SG,Singapore,,,Singapore,,
678,148.72.14.211,NA,North America,US,United States,AZ,Arizona,Scottsdale (North Scottsdale),,
679,119.28.223.220,AS,Asia,SG,Singapore,,,Singapore,,
680,78.110.50.105,EU,Europe,RU,Russia,,Moscow,Moscow,,
681,111.198.158.123,AS,Asia,CN,China,,Beijing,Jinrongjie (Xicheng District),,
682,35.222.17.139,NA,North America,US,United States,NJ,New Jersey,Newark,,
683,35.224.101.214,NA,North America,US,United States,TN,Tennessee,Nashville,,
684,162.144.36.6,NA,North America,US,United States,UT,Utah,Salt Lake City,,
685,143.95.70.39,NA,North America,US,United States,MA,Massachusetts,Burlington,,
686,5.2.81.51,AS,Asia,TR,Turkey,,İzmir,Işıkkent,,
687,176.53.35.62,AS,Asia,TR,Turkey,,Istanbul,Istanbul,,
688,80.75.14.124,AS,Asia,IR,Iran,,Tehrān,Tehran,,
689,209.133.194.58,AS,Asia,IN,India,,Uttar Pradesh,Noida (Block C),,
690,50.63.202.46,NA,North America,US,United States,AZ,Arizona,Scottsdale (North Scottsdale),,
691,166.62.6.39,AS,Asia,SG,Singapore,,,Singapore,,
692,157.7.188.27,AS,Asia,JP,Japan,,Tokyo,Shibuya (Sakuragaokachō),,
693,5.63.8.182,AS,Asia,IR,Iran,,Tehrān,Tehran,,
694,52.58.78.16,EU,Europe,DE,Germany,,Hesse,Frankfurt am Main,,
695,96.126.127.131,NA,North America,US,United States,IL,Illinois,Chicago,,
696,153.92.180.13,EU,Europe,GR,Greece,,Attica,Piraeus,,
697,46.23.67.250,OC,Oceania,NZ,New Zealand,,Wellington,Wellington,,
698,112.78.117.13,AS,Asia,JP,Japan,,Ōsaka,Kita-ku,,
699,208.91.197.160,NA,North America,VG,British Virgin Islands,,Tortola,Road Town,,
700,103.104.196.74,AS,Asia,SG,Singapore,,Singapore,Singapore (Geylang),,
701,51.255.109.189,EU,Europe,DE,Germany,,North Rhine-Westphalia,Lünen (Niederaden),,
702,5.77.39.213,EU,Europe,GB,United Kingdom,,Scotland,Thornhill,,
703,119.17.253.67,AS,Asia,VN,Vietnam,,Hanoi,Hanoi,,
704,192.64.119.243,NA,North America,US,United States,NJ,New Jersey,Newark,,
705,157.7.188.207,AS,Asia,JP,Japan,,Tokyo,Shibuya (Sakuragaokachō),,
706,177.185.194.113,SA,South America,BR,Brazil,,Rio Grande do Sul,Porto Alegre,,
707,162.241.226.181,NA,North America,US,United States,UT,Utah,Provo (East Bay),,
708,134.0.10.78,EU,Europe,ES,Spain,,Catalonia,Malgrat de Mar,,
709,94.46.15.238,EU,Europe,PT,Portugal,,Lisbon,Prior Velho,,
710,107.180.4.127,NA,North America,US,United States,AZ,Arizona,Scottsdale (North Scottsdale),,
711,5.180.47.57,AS,Asia,TR,Turkey,,Bursa,Bursa,,
712,38.105.208.136,NA,North America,US,United States,NY,New York,New York,,
713,79.172.204.177,EU,Europe,HU,Hungary,,Budapest,Budapest (District XIII.),,
714,192.249.123.35,NA,North America,US,United States,CA,California,Los Angeles,,
715,207.55.240.15,NA,North America,US,United States,IL,Illinois,Chicago,,
716,109.237.214.120,EU,Europe,NL,Netherlands,,Flevoland,Almere Stad (Almere Buiten),,
717,185.55.227.147,AS,Asia,IR,Iran,,Tehrān,Tehran,,
718,79.133.175.189,EU,Europe,RU,Russia,,Moscow,Moscow,,
719,45.143.138.61,EU,Europe,RU,Russia,,Moscow,Moscow,,
720,41.185.8.238,AF,Africa,ZA,South Africa,,Western Cape,Cape Town (Paarden Eiland),,
721,104.27.128.25,NA,North America,US,United States,IL,Illinois,Chicago,,
722,202.142.223.121,AS,Asia,TH,Thailand,,Bangkok,Bangkok,,
723,64.32.6.209,NA,North America,US,United States,NY,New York,New York,,
724,104.28.15.140,NA,North America,US,United States,IL,Illinois,Chicago,,
725,177.185.196.31,SA,South America,BR,Brazil,,Rio Grande do Sul,Porto Alegre,,
726,134.209.255.19,EU,Europe,DE,Germany,,Hesse,Frankfurt am Main,,
727,177.11.50.172,SA,South America,BR,Brazil,,São Paulo,Pinheiros,,
728,190.210.186.71,SA,South America,AR,Argentina,,Buenos Aires F.D.,Recoleta,,
729,176.9.25.12,EU,Europe,DE,Germany,,Saxony,Falkenstein,,
730,185.98.131.156,EU,Europe,FR,France,,Île-de-France,Paris,,
731,74.124.213.57,NA,North America,US,United States,CA,California,Santa Monica (Sunset Park),,
732,50.63.202.62,NA,North America,US,United States,AZ,Arizona,Scottsdale (North Scottsdale),,
733,160.153.129.35,EU,Europe,NL,Netherlands,,North Holland,Amsterdam,,
734,185.104.29.4,EU,Europe,NL,Netherlands,,North Holland,Amsterdam-Zuidoost (Zuidoost),,
735,204.44.192.46,NA,North America,US,United States,CA,California,Los Angeles,,
736,103.1.208.221,AS,Asia,VN,Vietnam,,Hanoi,Hanoi,,
737,91.214.64.67,NA,North America,US,United States,CA,California,Los Angeles (Downtown),,
738,115.124.105.251,AS,Asia,IN,India,,Maharashtra,Nashik (Midc),,
739,104.24.99.93,NA,North America,US,United States,IL,Illinois,Chicago,,
740,81.177.140.223,EU,Europe,RU,Russia,,Ryazan Oblast,Ryazan,,
741,37.9.175.8,EU,Europe,SK,Slovakia,,Bratislava,Bratislava (Karlova Ves),,
742,104.26.1.72,NA,North America,US,United States,IL,Illinois,Chicago,,
743,191.252.139.42,SA,South America,BR,Brazil,,Amazonas,Itacoatiara,,
744,167.114.82.245,AS,Asia,IN,India,,Delhi,New Delhi,,
745,192.185.27.109,NA,North America,US,United States,MA,Massachusetts,Burlington,,
746,195.20.40.226,EU,Europe,NL,Netherlands,,North Holland,Amsterdam (Centrum),,
747,185.50.25.41,EU,Europe,RU,Russia,,Moscow,Moscow,,
748,153.149.178.116,AS,Asia,JP,Japan,,Tokyo,Chiyoda,,
749,95.211.144.68,EU,Europe,NL,Netherlands,,North Holland,Amsterdam,,
750,58.248.0.200,AS,Asia,CN,China,,Guangdong,Guangzhou,,
751,67.227.186.105,NA,North America,US,United States,MI,Michigan,Lansing,,
752,104.24.111.8,NA,North America,US,United States,IL,Illinois,Chicago,,
753,103.90.232.106,AS,Asia,VN,Vietnam,,Ho Chi Minh,Ho Chi Minh City (Phường Ba),,
754,64.233.184.128,NA,North America,US,United States,VA,Virginia,Ashburn,,
755,46.101.153.43,EU,Europe,DE,Germany,,Hesse,Frankfurt am Main,,
756,5.101.1.21,EU,Europe,RU,Russia,,St.-Petersburg,St Petersburg,,
757,208.97.150.86,NA,North America,US,United States,CA,California,Brea,,
758,198.96.95.42,NA,North America,US,United States,TX,Texas,Dallas,,
759,50.63.202.32,NA,North America,US,United States,AZ,Arizona,Scottsdale (North Scottsdale),,
760,195.20.53.43,EU,Europe,NL,Netherlands,,North Holland,Amsterdam (Centrum),,
761,192.185.20.36,NA,North America,US,United States,MA,Massachusetts,Burlington,,
762,69.31.136.37,NA,North America,US,United States,IL,Illinois,Chicago (Loop),,
763,173.194.76.102,NA,North America,US,United States,NJ,New Jersey,Newark,,
764,64.233.167.113,NA,North America,US,United States,VA,Virginia,Ashburn,,
765,206.188.193.170,NA,North America,US,United States,VA,Virginia,Ashburn,,
766,213.133.106.84,EU,Europe,DE,Germany,,Bavaria,Nuremberg,,
767,184.168.47.225,NA,North America,US,United States,AZ,Arizona,Scottsdale (North Scottsdale),,
768,64.37.52.189,NA,North America,US,United States,FL,Florida,Orlando,,
769,81.169.145.95,EU,Europe,DE,Germany,,Berlin,Berlin (Charlottenburg-Wilmersdorf),,
770,54.36.162.187,EU,Europe,GB,United Kingdom,,England,Purfleet,,
771,185.148.116.232,EU,Europe,IT,Italy,,Lombardy,Milan,,
772,5.180.185.253,AS,Asia,TR,Turkey,,Istanbul,Bahçelievler,,
773,50.57.86.4,NA,North America,US,United States,TX,Texas,San Antonio (Northeast Side),,
774,185.15.44.152,EU,Europe,PL,Poland,,Kujawsko-Pomorskie,Toruń,,
775,195.20.50.35,EU,Europe,NL,Netherlands,,North Holland,Amsterdam (Centrum),,
776,94.73.147.169,AS,Asia,TR,Turkey,,Istanbul,Istanbul,,
777,50.63.202.42,NA,North America,US,United States,AZ,Arizona,Scottsdale (North Scottsdale),,
778,45.76.144.221,AS,Asia,SG,Singapore,,,Singapore (Queenstown Estate),,
779,104.28.30.119,NA,North America,US,United States,IL,Illinois,Chicago,,
780,162.241.2.93,NA,North America,US,United States,UT,Utah,Provo (East Bay),,
781,182.61.162.56,AS,Asia,CN,China,,Beijing,Beijing,,
782,192.185.129.43,NA,North America,US,United States,TX,Texas,Houston,,
783,66.96.147.205,NA,North America,US,United States,MA,Massachusetts,Burlington,,
784,128.199.201.195,AS,Asia,SG,Singapore,,,Singapore (Pioneer),,
785,103.233.3.28,AS,Asia,MY,Malaysia,,Penang,George Town,,
786,87.106.14.11,EU,Europe,DE,Germany,,Mecklenburg-Vorpommern,Neubrandenburg,,
787,92.42.32.25,EU,Europe,NL,Netherlands,,North Holland,Amsterdam (Centrum),,
788,66.150.68.70,NA,North America,US,United States,CA,California,Los Angeles,,
789,103.90.232.100,AS,Asia,VN,Vietnam,,Ho Chi Minh,Ho Chi Minh City (Phường Ba),,
790,209.188.7.220,NA,North America,US,United States,CA,California,Los Angeles (West Los Angeles),,
791,195.228.76.41,EU,Europe,HU,Hungary,,Budapest,Budapest (District I.),,
792,163.44.198.61,AS,Asia,TH,Thailand,,Kanchanaburi,Kanchanaburi,,
793,177.185.192.133,SA,South America,BR,Brazil,,Rio Grande do Sul,Porto Alegre,,
794,92.53.96.131,EU,Europe,RU,Russia,,St.-Petersburg,St Petersburg,,
795,173.254.31.175,NA,North America,US,United States,UT,Utah,Salt Lake City,,
796,199.192.30.183,NA,North America,US,United States,CA,California,San Jose,,
797,154.216.241.201,AS,Asia,HK,Hong Kong,,Tsuen Wan,Tsuen Wan,,
798,104.18.32.88,NA,North America,US,United States,IL,Illinois,Chicago,,
799,107.173.219.117,NA,North America,US,United States,NY,New York,Buffalo (Downtown),,
800,103.219.112.10,AS,Asia,ID,Indonesia,,Banten,South Tangerang,,
801,190.105.239.73,SA,South America,CL,Chile,,Santiago Metropolitan,Santiago,,
802,74.208.223.11,NA,North America,US,United States,MO,Missouri,Kansas City (Financial District),,
803,160.20.196.202,SA,South America,BR,Brazil,,Federal District,Brasília (Federal District),,
804,178.211.50.28,AS,Asia,TR,Turkey,,Istanbul,Istanbul,,
805,34.237.30.12,NA,North America,US,United States,VA,Virginia,Ashburn,,
806,104.27.179.15,NA,North America,US,United States,IL,Illinois,Chicago,,
807,104.238.71.140,NA,North America,US,United States,AZ,Arizona,Scottsdale (North Scottsdale),,
808,103.4.219.215,AS,Asia,TH,Thailand,,Bangkok,Sai Mai,,
809,213.175.201.201,EU,Europe,GB,United Kingdom,,England,Bowburn,,
810,69.163.216.94,NA,North America,US,United States,CA,California,Brea,,
811,35.214.203.64,EU,Europe,NL,Netherlands,,North Holland,Amsterdam,,
812,154.90.240.57,NA,North America,US,United States,CA,California,San Jose,,
813,104.196.171.226,NA,North America,US,United States,NJ,New Jersey,Newark,,
814,188.65.220.48,EU,Europe,BE,Belgium,,Wallonia,Amay,,
815,156.245.174.178,AS,Asia,HK,Hong Kong,,Tsuen Wan,Tsuen Wan,,
816,52.216.18.64,NA,North America,US,United States,VA,Virginia,Ashburn,,
817,178.128.193.107,EU,Europe,DE,Germany,,Hesse,Frankfurt am Main,,
818,5.23.50.102,EU,Europe,RU,Russia,,St.-Petersburg,St Petersburg,,
819,112.223.193.156,AS,Asia,KR,South Korea,,Gyeonggi-do,Anyang-si (Deokcheon-ro),,
820,104.18.44.231,NA,North America,US,United States,IL,Illinois,Chicago,,
821,107.189.6.212,EU,Europe,LU,Luxembourg,,Mersch,Bissen,,
822,186.202.153.84,SA,South America,BR,Brazil,,Amazonas,Itacoatiara,,
823,162.252.85.181,NA,North America,US,United States,FL,Florida,Tampa (Pinecrest West Park),,
824,195.60.252.130,EU,Europe,FI,Finland,,Newland,Helsinki,,
825,129.232.213.100,AF,Africa,ZA,South Africa,,Western Cape,Cape Town (Rosenpark),,
826,141.138.168.133,EU,Europe,NL,Netherlands,,Overijssel,Enschede (Bedrijfsterreinen Enschede-West),,
827,173.208.92.183,NA,North America,US,United States,CA,California,Los Angeles (Central LA),,
828,43.255.154.95,AS,Asia,SG,Singapore,,,Singapore (Pioneer),,
829,104.248.217.35,NA,North America,US,United States,CA,California,Santa Clara,,
830,67.225.137.141,NA,North America,US,United States,MI,Michigan,Lansing,,
831,192.124.249.3,NA,North America,US,United States,CA,California,Menifee,,
832,104.27.168.148,NA,North America,US,United States,IL,Illinois,Chicago,,
833,104.27.150.106,NA,North America,US,United States,IL,Illinois,Chicago,,
834,107.180.40.26,NA,North America,US,United States,AZ,Arizona,Scottsdale (North Scottsdale),,
835,107.180.41.150,NA,North America,US,United States,AZ,Arizona,Scottsdale (North Scottsdale),,
836,69.163.227.170,NA,North America,US,United States,CA,California,Brea,,
837,112.78.117.193,AS,Asia,JP,Japan,,Ōsaka,Kita-ku,,
838,188.166.0.59,EU,Europe,NL,Netherlands,,North Holland,Amsterdam,,
839,185.165.123.36,EU,Europe,RU,Russia,,Moscow,Moscow,,
840,94.231.108.252,EU,Europe,DK,Denmark,,Central Jutland,Skanderborg,,
841,43.230.166.66,AS,Asia,HK,Hong Kong,,Yau Tsim Mong,Mong Kok,,
842,183.180.26.19,AS,Asia,JP,Japan,,Tokyo,Chiyoda,,
843,149.126.4.19,EU,Europe,CH,Switzerland,,Basel-City,Basel (Vorstädte),,
844,108.167.165.36,NA,North America,US,United States,TX,Texas,Houston (Westview),,
845,134.119.207.123,EU,Europe,FR,France,,Grand Est,Strasbourg,,
846,35.172.94.1,NA,North America,US,United States,VA,Virginia,Ashburn,,
847,69.30.243.18,NA,North America,US,United States,MO,Missouri,Kansas City (Crossroads Arts District),,
848,52.216.144.227,NA,North America,US,United States,VA,Virginia,Ashburn,,
849,77.120.106.94,EU,Europe,UA,Ukraine,,Kyiv City,Kyiv,,
850,66.96.147.120,NA,North America,US,United States,MA,Massachusetts,Burlington,,
851,162.255.119.30,NA,North America,US,United States,AZ,Arizona,Phoenix (South Mountain),,
852,118.82.125.172,AS,Asia,JP,Japan,,Tokyo,Chiyoda,,
853,23.234.11.149,NA,North America,US,United States,CA,California,Rowland Heights,,
854,,,,,,,,,INVALID_ADDRESS,invalid address '0.0.0.0'
855,51.158.123.186,EU,Europe,FR,France,,Île-de-France,Vitry-sur-Seine,,
856,194.85.61.76,EU,Europe,RU,Russia,,Moscow,Moscow,,
857,115.146.122.246,AS,Asia,VN,Vietnam,,Hanoi,Hanoi,,
858,104.27.128.167,NA,North America,US,United States,IL,Illinois,Chicago,,
859,149.129.130.105,AS,Asia,IN,India,,Delhi,New Delhi,,
860,45.60.97.167,NA,North America,US,United States,CA,California,Redwood City (Redwood Shores),,
861,192.169.143.180,NA,North America,US,United States,AZ,Arizona,Scottsdale (North Scottsdale),,
862,144.76.173.202,EU,Europe,DE,Germany,,Saxony,Falkenstein,,
863,195.162.24.124,EU,Europe,PL,Poland,,Łódź Voivodeship,Łódź (Górna),,
864,64.202.184.219,NA,North America,US,United States,AZ,Arizona,Scottsdale (North Scottsdale),,
865,52.86.142.85,NA,North America,US,United States,VA,Virginia,Ashburn,,
866,201.144.176.19,NA,North America,MX,Mexico,,Mexico City,Mexico City (Centro),,
867,157.7.188.218,AS,Asia,JP,Japan,,Tokyo,Shibuya (Sakuragaokachō),,
868,31.210.74.154,AS,Asia,TR,Turkey,,Istanbul,Istanbul,,
869,195.158.8.222,AS,Asia,UZ,Uzbekistan,,Toshkent Shahri,Tashkent,,
870,185.10.73.235,AS,Asia,IR,Iran,,Tehrān,Tehran (Iran),,
871,81.177.165.191,EU,Europe,RU,Russia,,Ryazan Oblast,Ryazan,,
872,185.208.164.120,EU,Europe,PL,Poland,,Lesser Poland,Krakow (Bieżanów-Prokocim),,
873,13.53.166.83,EU,Europe,SE,Sweden,,Stockholm,Stockholm,,
874,69.163.215.170,NA,North America,US,United States,CA,California,Brea,,
875,187.45.240.50,SA,South America,BR,Brazil,,Amazonas,Itacoatiara,,
876,103.250.232.141,OC,Oceania,NZ,New Zealand,,Auckland,Auckland (Meadowbank),,
877,103.250.90.35,OC,Oceania,NZ,New Zealand,,Canterbury,Timaru,,
878,104.219.248.71,NA,North America,US,United States,AZ,Arizona,Phoenix (South Mountain),,
879,91.214.64.2,NA,North America,US,United States,CA,California,Los Angeles (Downtown),,
880,104.248.2.68,NA,North America,US,United States,NJ,New Jersey,Clifton,,
881,217.160.0.137,EU,Europe,DE,Germany,,Mecklenburg-Vorpommern,Neubrandenburg,,
882,35.221.39.253,NA,North America,US,United States,VA,Virginia,Ashburn,,
883,104.25.199.126,NA,North America,US,United States,IL,Illinois,Chicago,,
884,185.138.42.62,EU,Europe,GR,Greece,,Attica,Koropí,,
885,104.156.60.240,NA,North America,US,United States,FL,Florida,Tampa (Pinecrest West Park),,
886,112.78.117.10,AS,Asia,JP,Japan,,Ōsaka,Kita-ku,,
887,108.167.165.100,NA,North America,US,United States,TX,Texas,Houston (Westview),,
888,195.187.31.166,EU,Europe,PL,Poland,,Mazovia,Warsaw (Ursynów),,
889,61.126.40.204,AS,Asia,JP,Japan,,Tokyo,Chiyoda,,
890,184.168.221.77,NA,North America,US,United States,AZ,Arizona,Scottsdale (North Scottsdale),,
891,172.253.120.139,NA,North America,US,United States,VA,Virginia,Ashburn,,
892,103.251.44.19,AS,Asia,ID,Indonesia,,Jakarta,Jakarta,,
893,166.62.28.93,AS,Asia,SG,Singapore,,,Singapore,,
894,103.21.59.201,AS,Asia,IN,India,,Maharashtra,Mumbai,,
895,45.77.231.7,EU,Europe,GB,United Kingdom,,England,London,,
896,45.159.113.63,AS,Asia,IR,Iran,,Tehrān,Tehran,,
897,94.231.103.33,EU,Europe,DK,Denmark,,Central Jutland,Skanderborg,,
898,154.215.24.107,AS,Asia,HK,Hong Kong,,Tsuen Wan,Tsuen Wan,,
899,54.36.91.62,EU,Europe,FR,France,,Hauts-de-France,Roubaix,,
900,62.209.128.119,AS,Asia,UZ,Uzbekistan,,Toshkent Shahri,Tashkent,,
901,94.73.147.146,AS,Asia,TR,Turkey,,Istanbul,Istanbul,,
902,93.157.100.46,EU,Europe,PL,Poland,,Greater Poland,Poznań (Stare Miasto),,
903,41.203.18.206,AF,Africa,ZA,South Africa,,Western Cape,Cape Town (Rosenpark),,
904,46.30.215.123,EU,Europe,DK,Denmark,,Capital Region,Copenhagen,,
905,104.27.171.254,NA,North America,US,United States,IL,Illinois,Chicago,,
906,23.229.170.167,NA,North America,US,United States,AZ,Arizona,Scottsdale (North Scottsdale),,
907,97.79.238.65,NA,North America,US,United States,TX,Texas,Schertz (Northeast Side),,
908,185.53.178.7,EU,Europe,DE,Germany,,Bavaria,Munich (Altstadt-Lehel),,
909,173.194.76.113,NA,North America,US,United States,VA,Virginia,Ashburn,,
910,193.141.3.65,EU,Europe,DE,Germany,,Berlin,Berlin (Charlottenburg-Wilmersdorf),,
911,23.226.129.110,NA,North America,US,United States,NJ,New Jersey,Secaucus,,
912,81.19.145.40,EU,Europe,AT,Austria,,Upper Austria,Linz (Lustenau),,
913,89.19.30.87,AS,Asia,TR,Turkey,,Istanbul,Istanbul,,
914,213.186.33.82,EU,Europe,FR,France,,Île-de-France,Bures-sur-Yvette,,
915,139.59.66.225,AS,Asia,IN,India,,Karnataka,Bengaluru,,
916,188.234.148.178,EU,Europe,RU,Russia,,Bashkortostan Republic,Ufa,,
917,46.4.105.43,EU,Europe,DE,Germany,,Bavaria,Falkenstein,,
918,108.179.252.199,NA,North America,US,United States,TX,Texas,Houston (Westview),,
919,69.167.154.177,NA,North America,US,United States,MI,Michigan,Lansing,,
920,188.93.125.34,EU,Europe,RS,Serbia,,Central Serbia,Belgrade (Stari Grad),,
921,216.219.81.3,NA,North America,US,United States,NJ,New Jersey,Secaucus,,
922,104.236.33.143,NA,North America,US,United States,NJ,New Jersey,Clifton,,
923,93.126.60.70,AS,Asia,IR,Iran,,Isfahan,Isfahan,,
924,50.63.202.52,NA,North America,US,United States,AZ,Arizona,Scottsdale (North Scottsdale),,
925,81.177.6.6,EU,Europe,RU,Russia,,Ryazan Oblast,Ryazan,,
926,160.153.129.234,EU,Europe,NL,Netherlands,,North Holland,Amsterdam,,
927,194.58.56.157,EU,Europe,RU,Russia,,Moscow,Moscow (North-Western Administrative Okrug),,
928,170.10.162.118,NA,North America,US,United States,FL,Florida,Coral Springs (University Drive),,
929,80.90.43.162,EU,Europe,LU,Luxembourg,,Luxembourg,Luxembourg,,
930,112.213.89.168,AS,Asia,VN,Vietnam,,Ho Chi Minh,Ho Chi Minh City,,
931,78.46.77.49,EU,Europe,DE,Germany,,Bavaria,Nuremberg,,
932,204.93.197.197,NA,North America,US,United States,CA,California,San Jose (North San Jose),,
933,92.53.96.129,EU,Europe,RU,Russia,,St.-Petersburg,St Petersburg,,
934,79.98.25.1,EU,Europe,LT,Lithuania,,Vilnius,Vilnius,,
935,74.125.133.138,NA,North America,US,United States,VA,Virginia,Ashburn,,
936,47.56.66.30,AS,Asia,CN,China,,Beijing,Beijing,,
937,192.235.77.205,NA,North America,US,United States,CA,California,Los Gatos,,
938,198.20.114.77,EU,Europe,NL,Netherlands,,North Holland,Amsterdam (Westpoort),,
939,64.235.242.202,NA,North America,US,United States,CA,California,Los Angeles (Chatsworth),,
940,74.208.236.195,NA,North America,US,United States,MO,Missouri,Kansas City (Financial District),,
941,177.70.106.69,SA,South America,BR,Brazil,,São Paulo,São Paulo,,
942,23.111.133.162,NA,North America,US,United States,FL,Florida,Tampa (Pinecrest West Park),,
943,103.58.151.18,AS,Asia,TH,Thailand,,Bangkok,Pathum Wan (Khwaeng Wang Mai),,
944,45.40.165.32,NA,North America,US,United States,AZ,Arizona,Scottsdale (North Scottsdale),,
945,103.200.5.176,AS,Asia,HK,Hong Kong,,Wan Chai,Wanchai,,
946,173.236.100.68,NA,North America,US,United States,IL,Illinois,Chicago (Loop),,
947,188.93.230.25,EU,Europe,PT,Portugal,,Lisbon,Lisbon,,
948,94.73.146.190,AS,Asia,TR,Turkey,,Istanbul,Istanbul,,
949,85.187.128.10,AS,Asia,SG,Singapore,,,Singapore,,
950,204.44.199.19,NA,North America,US,United States,CA,California,Los Angeles,,
951,203.156.18.130,AS,Asia,TH,Thailand,,Bangkok,Bangkok,,
952,184.168.221.82,NA,North America,US,United States,AZ,Arizona,Scottsdale (North Scottsdale),,
953,202.92.4.5,AS,Asia,VN,Vietnam,,Hanoi,Hanoi,,
954,82.221.129.170,EU,Europe,IS,Iceland,,Capital Region,Reykjavik,,
955,80.74.149.13,EU,Europe,CH,Switzerland,,Zurich,Zurich (Kreis 5),,
956,91.239.235.6,EU,Europe,UA,Ukraine,,Kyiv City,Kyiv (Podil's'kyi district),,
957,92.53.96.246,EU,Europe,RU,Russia,,St.-Petersburg,St Petersburg,,
958,216.70.123.140,NA,North America,US,United States,CA,California,Culver City (Hayden Tract),,
959,128.199.170.196,AS,Asia,SG,Singapore,,,Singapore (Pioneer),,
960,162.241.67.187,NA,North America,US,United States,UT,Utah,Provo (East Bay),,
961,191.6.202.83,SA,South America,BR,Brazil,,Rio Grande do Sul,Porto Alegre,,
962,120.96.184.18,AS,Asia,TW,Taiwan,,Taiwan,Fenjihu,,
963,77.111.240.109,EU,Europe,DK,Denmark,,Capital Region,Copenhagen,,
964,178.63.146.46,EU,Europe,DE,Germany,,Saxony,Falkenstein,,
965,45.64.99.131,AS,Asia,ID,Indonesia,,Jakarta,Jakarta,,
966,177.185.194.144,SA,South America,BR,Brazil,,Rio Grande do Sul,Porto Alegre,,
967,52.217.43.172,NA,North America,US,United States,VA,Virginia,Ashburn,,
968,192.126.116.133,NA,North America,US,United States,CA,California,San Jose,,
969,147.135.224.176,EU,Europe,FR,France,,Provence-Alpes-Côte d'Azur,Gémenos,,
970,119.59.113.164,AS,Asia,TH,Thailand,,Bangkok,Samphanthawong (Khwaeng Bang Rak),,
971,107.151.181.101,NA,North America,US,United States,CA,California,Diamond Bar,,
972,45.113.121.87,AS,Asia,CN,China,,Beijing,Beijing,,
973,37.251.171.23,EU,Europe,RO,Romania,,Bucureşti,Bucharest,,
974,191.252.51.52,SA,South America,BR,Brazil,,Amazonas,Itacoatiara,,
975,191.252.51.61,SA,South America,BR,Brazil,,Amazonas,Itacoatiara,,
976,198.27.113.96,NA,North America,CA,Canada,QC,Quebec,Montreal (Ville-Marie),,
977,5.198.255.118,EU,Europe,SE,Sweden,,Stockholm,Stockholm,,
978,212.129.32.66,EU,Europe,FR,France,,Île-de-France,Paris (8th arrondissement of Paris),,
979,89.161.199.82,EU,Europe,PL,Poland,,West Pomerania,Szczecin,,
980,208.113.199.111,NA,North America,US,United States,CA,California,Brea,,
981,198.57.199.56,NA,North America,US,United States,UT,Utah,Provo (East Bay),,
982,72.167.225.49,NA,North America,US,United States,AZ,Arizona,Scottsdale (North Scottsdale),,
983,177.12.161.141,SA,South America,BR,Brazil,,Rio Grande do Sul,Porto Alegre,,
984,81.177.139.162,EU,Europe,RU,Russia,,Ryazan Oblast,Ryazan,,
985,166.62.6.78,AS,Asia,SG,Singapore,,,Singapore,,
986,94.46.169.4,EU,Europe,PT,Portugal,,Lisbon,Prior Velho,,
987,184.168.221.32,NA,North America,US,United States,AZ,Arizona,Scottsdale (North Scottsdale),,
988,78.46.52.8,EU,Europe,DE,Germany,,Bavaria,Nuremberg,,
989,216.71.116.252,NA,North America,US,United States,CT,Connecticut,Milford,,
990,50.97.128.139,NA,North America,US,United States,DE,Delaware,Wilmington (Mid-town Brandywine),,
991,82.146.54.42,EU,Europe,RU,Russia,,Irkutsk Oblast,Irkutsk,,
992,85.119.149.99,EU,Europe,RU,Russia,,Moscow,Moscow,,
993,51.91.12.144,EU,Europe,FR,France,,Hauts-de-France,Roubaix,,
994,195.208.0.126,EU,Europe,RU,Russia,,Rostov,Khoroshëvskaya,,
995,13.107.136.9,NA,North America,US,United States,WA,Washington,Redmond (Overlake),,
996,107.187.221.131,NA,North America,US,United States,NY,New York,New York,,
997,198.74.127.200,NA,North America,US,United States,CA,California,Santa Clarita,,
998,160.153.128.6,EU,Europe,NL,Netherlands,,North Holland,Amsterdam,,
999,190.183.61.120,SA,South America,AR,Argentina,,Buenos Aires F.D.,Buenos Aires (San Nicolas),,
